MES;Área Integrada de Segurança Pública - AISP ;Homicídio Doloso ;Lesão Corporal Seguida de Morte ;Roubo com Resultado Morte - (Latrocínio) ;Tentativa de Homicídio ;Estupro ;Roubo a Ônibus (Urbano e em Rodovia) ;Roubo de Veículo ;Furto de Veículo ;Uso ou Porte Substância Entorpecente (Usuários) 
2014-15-10;AISP 06 - Brotas ;2;0;1;1;1;12;54;13;14
2014-15-10;AISP 07 - Rio Vermelho ;3;0;0;1;2;11;34;3;3
2014-15-10;AISP 09 - Boca do Rio ;2;0;0;0;1;4;41;5;2
2014-15-10;AISP 12 - Itapuã ;12;0;0;1;7;15;63;16;2
2014-15-10;AISP 14 - Barra ;0;0;0;0;2;5;10;0;5
2014-15-10;AISP 15 - Nordeste ;2;0;0;0;0;4;1;0;4
2014-15-10;AISP 16 - Pituba ;3;0;0;0;0;18;33;4;0
2014-15-10;AISP 01 - Barris ;2;0;1;1;0;19;28;11;10
2014-15-10;AISP 02 - Liberdade ;8;0;0;1;1;11;63;11;1
2014-15-10;AISP 03 - Bonfim ;7;1;0;8;3;6;34;17;10
2014-15-10;AISP 04 - São Caetano ;5;0;0;4;3;10;51;12;1
2014-15-10;AISP 05 - Periperi ;17;2;0;10;8;18;43;7;12
2014-15-10;AISP 08 - CIA ;2;0;0;2;0;5;24;3;0
2014-15-10;AISP 10 - Pau da Lima ;9;0;0;6;4;8;60;15;8
2014-15-10;AISP 11 - Tancredo Neves ;12;1;0;14;8;21;64;22;12
2014-15-10;AISP 13 - Cajazeiras ;5;0;0;8;5;6;22;5;2
2014-15-11;AISP 06 - Brotas ;2;0;0;4;3;14;38;6;5
2014-15-11;AISP 07 - Rio Vermelho ;1;0;0;0;2;10;22;5;3
2014-15-11;AISP 09 - Boca do Rio ;2;0;0;0;1;5;60;9;1
2014-15-11;AISP 12 - Itapuã ;14;0;1;3;6;5;71;19;16
2014-15-11;AISP 14 - Barra ;0;0;0;1;0;3;6;2;1
2014-15-11;AISP 15 - Nordeste ;1;0;0;0;0;6;3;2;4
2014-15-11;AISP 16 - Pituba ;1;0;0;3;1;9;27;1;3
2014-15-11;AISP 01 - Barris ;3;0;1;2;2;7;32;9;9
2014-15-11;AISP 02 - Liberdade ;6;0;0;1;2;9;31;14;0
2014-15-11;AISP 03 - Bonfim ;5;1;0;3;5;17;27;24;7
2014-15-11;AISP 04 - São Caetano ;12;0;1;3;6;8;39;8;2
2014-15-11;AISP 05 - Periperi ;21;0;0;15;5;17;29;6;3
2014-15-11;AISP 08 - CIA ;3;0;0;0;0;2;10;2;2
2014-15-11;AISP 10 - Pau da Lima ;4;0;0;6;2;9;44;6;7
2014-15-11;AISP 11 - Tancredo Neves ;17;0;1;9;4;39;66;12;16
2014-15-11;AISP 13 - Cajazeiras ;8;0;0;7;1;2;19;2;2
2014-15-12;AISP 06 - Brotas ;4;0;1;3;2;12;50;9;0
2014-15-12;AISP 07 - Rio Vermelho ;1;1;1;1;0;8;41;3;1
2014-15-12;AISP 09 - Boca do Rio ;2;0;0;0;0;11;53;3;8
2014-15-12;AISP 12 - Itapuã ;12;0;0;2;8;26;62;13;6
2014-15-12;AISP 14 - Barra ;0;0;0;0;0;6;6;3;1
2014-15-12;AISP 15 - Nordeste ;0;0;0;2;2;3;0;0;7
2014-15-12;AISP 16 - Pituba ;0;0;0;0;1;8;33;3;1
2014-15-12;AISP 01 - Barris ;2;0;1;0;2;17;23;8;7
2014-15-12;AISP 02 - Liberdade ;11;0;0;4;1;5;30;16;3
2014-15-12;AISP 03 - Bonfim ;4;0;0;5;2;16;25;35;8
2014-15-12;AISP 04 - São Caetano ;13;0;1;8;4;4;41;11;2
2014-15-12;AISP 05 - Periperi ;17;0;1;18;5;30;40;4;6
2014-15-12;AISP 08 - CIA ;2;0;0;0;0;1;10;0;3
2014-15-12;AISP 10 - Pau da Lima ;12;0;1;5;3;4;37;5;1
2014-15-12;AISP 11 - Tancredo Neves ;21;0;0;3;7;42;74;18;12
2014-15-12;AISP 13 - Cajazeiras ;12;0;1;6;2;2;22;3;3
2014-15-1;AISP 06 - Brotas ;5;0;0;3;2;39;53;13;9
2014-15-1;AISP 07 - Rio Vermelho ;2;0;0;0;2;8;20;3;8
2014-15-1;AISP 09 - Boca do Rio ;0;0;0;0;4;4;47;4;0
2014-15-1;AISP 12 - Itapuã ;14;0;0;3;4;20;76;31;14
2014-15-1;AISP 14 - Barra ;1;0;0;0;0;1;7;2;11
2014-15-1;AISP 15 - Nordeste ;2;0;0;0;1;9;2;1;2
2014-15-1;AISP 16 - Pituba ;0;0;0;0;0;4;22;4;4
2014-15-1;AISP 01 - Barris ;3;0;0;6;1;4;27;8;12
2014-15-1;AISP 02 - Liberdade ;4;1;1;7;1;3;34;17;5
2014-15-1;AISP 03 - Bonfim ;9;0;0;4;6;10;26;23;1
2014-15-1;AISP 04 - São Caetano ;10;0;1;1;4;20;44;5;2
2014-15-1;AISP 05 - Periperi ;22;0;0;10;11;11;30;6;2
2014-15-1;AISP 08 - CIA ;2;0;0;0;0;0;9;0;0
2014-15-1;AISP 10 - Pau da Lima ;9;0;0;7;1;12;43;4;1
2014-15-1;AISP 11 - Tancredo Neves ;24;0;0;12;8;25;51;16;4
2014-15-1;AISP 13 - Cajazeiras ;7;0;0;6;7;8;10;1;0
2014-15-2;AISP 06 - Brotas ;8;0;0;12;0;22;58;18;3
2014-15-2;AISP 07 - Rio Vermelho ;2;0;0;4;0;8;23;8;52
2014-15-2;AISP 09 - Boca do Rio ;0;0;0;3;0;3;34;5;2
2014-15-2;AISP 12 - Itapuã ;16;0;0;14;7;14;67;25;18
2014-15-2;AISP 14 - Barra ;1;0;0;0;0;3;3;4;0
2014-15-2;AISP 15 - Nordeste ;1;0;0;0;1;4;0;0;2
2014-15-2;AISP 16 - Pituba ;0;0;0;0;1;9;18;4;0
2014-15-2;AISP 01 - Barris ;2;0;0;0;1;8;24;15;20
2014-15-2;AISP 02 - Liberdade ;10;0;0;3;5;7;44;22;3
2014-15-2;AISP 03 - Bonfim ;4;0;1;2;1;6;30;20;4
2014-15-2;AISP 04 - São Caetano ;8;0;0;0;4;17;29;5;5
2014-15-2;AISP 05 - Periperi ;22;1;0;15;8;16;27;1;1
2014-15-2;AISP 08 - CIA ;5;0;0;2;2;0;7;1;1
2014-15-2;AISP 10 - Pau da Lima ;4;0;0;3;3;13;35;16;1
2014-15-2;AISP 11 - Tancredo Neves ;25;2;1;14;9;18;49;21;8
2014-15-2;AISP 13 - Cajazeiras ;11;0;0;6;2;1;18;3;0
2014-15-3;AISP 06 - Brotas ;9;0;0;7;4;20;44;20;1
2014-15-3;AISP 07 - Rio Vermelho ;1;0;1;3;1;13;24;9;20
2014-15-3;AISP 09 - Boca do Rio ;2;0;0;3;1;5;49;4;1
2014-15-3;AISP 12 - Itapuã ;10;0;1;2;5;16;66;31;15
2014-15-3;AISP 14 - Barra ;0;0;0;0;1;3;10;2;3
2014-15-3;AISP 15 - Nordeste ;0;0;0;4;1;5;1;0;1
2014-15-3;AISP 16 - Pituba ;1;0;0;0;0;9;33;1;3
2014-15-3;AISP 01 - Barris ;5;0;0;2;4;6;25;12;2
2014-15-3;AISP 02 - Liberdade ;11;0;0;6;3;17;51;10;6
2014-15-3;AISP 03 - Bonfim ;5;0;0;6;1;9;43;12;6
2014-15-3;AISP 04 - São Caetano ;14;0;0;2;2;19;44;11;2
2014-15-3;AISP 05 - Periperi ;27;0;0;13;9;4;29;9;5
2014-15-3;AISP 08 - CIA ;3;0;0;0;0;0;8;1;0
2014-15-3;AISP 10 - Pau da Lima ;12;1;0;1;4;18;53;17;2
2014-15-3;AISP 11 - Tancredo Neves ;21;0;2;17;10;19;70;18;3
2014-15-3;AISP 13 - Cajazeiras ;10;0;0;11;8;3;11;4;3
2014-15-4;AISP 06 - Brotas ;10;0;0;5;1;19;61;16;7
2014-15-4;AISP 07 - Rio Vermelho ;0;0;0;0;4;7;29;3;2
2014-15-4;AISP 09 - Boca do Rio ;2;0;0;1;1;4;64;5;2
2014-15-4;AISP 12 - Itapuã ;19;0;2;3;5;19;90;24;9
2014-15-4;AISP 14 - Barra ;0;1;0;0;0;2;12;3;1
2014-15-4;AISP 15 - Nordeste ;1;0;0;0;1;2;3;0;3
2014-15-4;AISP 16 - Pituba ;0;0;0;5;1;8;35;3;1
2014-15-4;AISP 01 - Barris ;10;0;0;3;3;8;28;9;10
2014-15-4;AISP 02 - Liberdade ;14;1;0;5;4;16;74;21;1
2014-15-4;AISP 03 - Bonfim ;13;1;0;5;0;20;51;17;4
2014-15-4;AISP 04 - São Caetano ;17;0;0;2;3;10;49;10;5
2014-15-4;AISP 05 - Periperi ;34;0;0;18;3;13;32;3;4
2014-15-4;AISP 08 - CIA ;9;0;0;0;1;0;20;1;0
2014-15-4;AISP 10 - Pau da Lima ;18;0;1;9;5;10;43;15;2
2014-15-4;AISP 11 - Tancredo Neves ;16;0;0;15;2;34;68;15;4
2014-15-4;AISP 13 - Cajazeiras ;14;1;0;5;4;5;27;6;0
2014-15-5;AISP 06 - Brotas ;3;0;1;1;2;23;48;14;10
2014-15-5;AISP 07 - Rio Vermelho ;1;0;0;3;1;2;18;5;1
2014-15-5;AISP 09 - Boca do Rio ;3;0;0;1;2;5;41;6;1
2014-15-5;AISP 12 - Itapuã ;8;1;1;5;9;5;72;13;9
2014-15-5;AISP 14 - Barra ;0;0;0;0;1;1;5;3;3
2014-15-5;AISP 15 - Nordeste ;2;0;0;0;2;6;1;1;4
2014-15-5;AISP 16 - Pituba ;1;0;0;0;1;11;44;4;1
2014-15-5;AISP 01 - Barris ;3;0;0;1;1;5;22;7;8
2014-15-5;AISP 02 - Liberdade ;20;0;1;5;3;6;50;16;18
2014-15-5;AISP 03 - Bonfim ;9;0;0;4;1;10;26;15;1
2014-15-5;AISP 04 - São Caetano ;15;0;1;1;9;9;40;3;5
2014-15-5;AISP 05 - Periperi ;13;0;1;22;5;1;35;3;0
2014-15-5;AISP 08 - CIA ;0;0;0;0;1;0;16;3;0
2014-15-5;AISP 10 - Pau da Lima ;7;0;0;4;3;12;37;21;0
2014-15-5;AISP 11 - Tancredo Neves ;16;0;0;11;7;21;57;24;6
2014-15-5;AISP 13 - Cajazeiras ;6;0;0;7;3;3;26;7;0
2014-15-6;AISP 06 - Brotas ;3;0;0;4;3;15;25;7;5
2014-15-6;AISP 07 - Rio Vermelho ;1;0;0;0;3;9;16;4;4
2014-15-6;AISP 09 - Boca do Rio ;1;0;0;1;1;8;35;9;1
2014-15-6;AISP 12 - Itapuã ;12;0;0;3;3;11;50;23;13
2014-15-6;AISP 14 - Barra ;0;0;0;0;0;3;5;4;2
2014-15-6;AISP 15 - Nordeste ;2;0;0;0;2;3;1;1;1
2014-15-6;AISP 16 - Pituba ;1;0;0;0;2;6;16;4;16
2014-15-6;AISP 01 - Barris ;1;1;0;0;2;10;11;15;12
2014-15-6;AISP 02 - Liberdade ;13;0;0;10;4;4;41;9;5
2014-15-6;AISP 03 - Bonfim ;12;0;0;6;4;12;26;13;5
2014-15-6;AISP 04 - São Caetano ;8;1;0;1;4;10;14;7;2
2014-15-6;AISP 05 - Periperi ;14;1;1;12;4;3;48;8;1
2014-15-6;AISP 08 - CIA ;1;0;0;1;1;1;14;3;0
2014-15-6;AISP 10 - Pau da Lima ;7;0;1;4;2;22;29;10;1
2014-15-6;AISP 11 - Tancredo Neves ;13;0;0;10;5;39;51;19;5
2014-15-6;AISP 13 - Cajazeiras ;8;0;0;8;2;2;25;6;1
2014-15-7;AISP 06 - Brotas ;5;0;1;0;1;15;47;9;6
2014-15-7;AISP 07 - Rio Vermelho ;2;0;0;0;2;9;19;4;2
2014-15-7;AISP 09 - Boca do Rio ;0;1;0;0;1;3;50;2;1
2014-15-7;AISP 12 - Itapuã ;7;0;1;3;5;3;74;16;15
2014-15-7;AISP 14 - Barra ;0;0;0;0;0;0;10;2;3
2014-15-7;AISP 15 - Nordeste ;0;0;0;0;1;2;3;1;1
2014-15-7;AISP 16 - Pituba ;0;0;0;1;0;7;30;2;0
2014-15-7;AISP 01 - Barris ;1;0;0;1;3;6;21;3;10
2014-15-7;AISP 02 - Liberdade ;14;1;0;6;5;3;39;17;4
2014-15-7;AISP 03 - Bonfim ;9;0;0;5;2;4;29;22;8
2014-15-7;AISP 04 - São Caetano ;3;0;2;0;6;12;30;4;4
2014-15-7;AISP 05 - Periperi ;10;0;1;7;5;8;28;6;12
2014-15-7;AISP 08 - CIA ;0;0;0;2;1;1;9;3;1
2014-15-7;AISP 10 - Pau da Lima ;5;1;1;3;4;17;62;14;7
2014-15-7;AISP 11 - Tancredo Neves ;18;0;0;10;13;35;50;20;6
2014-15-7;AISP 13 - Cajazeiras ;6;0;0;8;3;1;23;5;2
2014-15-8;AISP 06 - Brotas ;8;0;0;0;1;4;42;10;10
2014-15-8;AISP 07 - Rio Vermelho ;2;0;1;0;1;10;22;8;5
2014-15-8;AISP 09 - Boca do Rio ;0;0;1;2;1;2;43;4;0
2014-15-8;AISP 12 - Itapuã ;18;0;1;5;2;22;62;9;10
2014-15-8;AISP 14 - Barra ;0;0;0;0;0;2;1;1;1
2014-15-8;AISP 15 - Nordeste ;0;0;0;0;1;10;1;0;1
2014-15-8;AISP 16 - Pituba ;0;0;0;0;0;9;38;2;2
2014-15-8;AISP 01 - Barris ;2;0;1;1;1;8;22;13;6
2014-15-8;AISP 02 - Liberdade ;4;0;0;3;2;3;38;17;6
2014-15-8;AISP 03 - Bonfim ;4;0;2;2;1;4;27;14;4
2014-15-8;AISP 04 - São Caetano ;10;1;1;4;4;25;22;3;7
2014-15-8;AISP 05 - Periperi ;22;1;1;10;7;10;26;8;3
2014-15-8;AISP 08 - CIA ;1;0;0;0;0;1;8;3;1
2014-15-8;AISP 10 - Pau da Lima ;9;0;0;8;1;11;53;17;5
2014-15-8;AISP 11 - Tancredo Neves ;11;0;0;8;10;22;47;12;12
2014-15-8;AISP 13 - Cajazeiras ;4;0;0;3;2;7;20;4;3
2014-15-9;AISP 06 - Brotas ;10;0;0;3;1;10;48;15;4
2014-15-9;AISP 07 - Rio Vermelho ;2;1;0;1;3;11;19;8;6
2014-15-9;AISP 09 - Boca do Rio ;2;0;0;1;0;3;45;8;5
2014-15-9;AISP 12 - Itapuã ;10;1;1;0;1;12;79;14;5
2014-15-9;AISP 14 - Barra ;2;0;0;0;1;4;5;2;4
2014-15-9;AISP 15 - Nordeste ;4;0;0;0;0;7;4;1;3
2014-15-9;AISP 16 - Pituba ;0;0;0;1;0;16;29;6;0
2014-15-9;AISP 01 - Barris ;2;0;0;1;2;9;28;10;13
2014-15-9;AISP 02 - Liberdade ;9;0;1;5;4;9;50;21;4
2014-15-9;AISP 03 - Bonfim ;2;0;0;4;1;11;28;34;7
2014-15-9;AISP 04 - São Caetano ;9;0;0;0;6;5;28;6;0
2014-15-9;AISP 05 - Periperi ;16;0;1;6;12;44;28;9;3
2014-15-9;AISP 08 - CIA ;1;0;1;0;0;1;12;2;1
2014-15-9;AISP 10 - Pau da Lima ;12;0;0;8;3;11;37;20;0
2014-15-9;AISP 11 - Tancredo Neves ;6;0;1;2;3;18;66;22;15
2014-15-9;AISP 13 - Cajazeiras ;10;0;0;2;4;4;16;9;2
2015-15-10;AISP 06 - Brotas ;5;0;0;2;5;22;30;8;6
2015-15-10;AISP 07 - Rio Vermelho ;2;0;0;0;0;21;21;2;4
2015-15-10;AISP 09 - Boca do Rio ;2;0;0;2;1;2;30;5;5
2015-15-10;AISP 12 - Itapuã ;12;1;1;0;4;12;59;16;1
2015-15-10;AISP 14 - Barra ;0;0;0;2;1;1;7;0;7
2015-15-10;AISP 15 - Nordeste ;4;0;0;1;2;0;2;2;3
2015-15-10;AISP 16 - Pituba ;0;0;0;0;1;10;31;0;6
2015-15-10;AISP 01 - Barris ;2;0;0;4;2;8;23;6;8
2015-15-10;AISP 02 - Liberdade ;14;0;0;1;2;17;37;15;3
2015-15-10;AISP 03 - Bonfim ;7;0;0;4;9;13;41;22;7
2015-15-10;AISP 04 - São Caetano ;4;1;0;4;2;32;30;10;6
2015-15-10;AISP 05 - Periperi ;27;0;0;5;6;29;29;8;2
2015-15-10;AISP 08 - CIA ;2;0;0;0;2;1;12;1;0
2015-15-10;AISP 10 - Pau da Lima ;9;1;0;2;2;4;46;12;4
2015-15-10;AISP 11 - Tancredo Neves ;9;0;1;4;5;43;45;18;17
2015-15-10;AISP 13 - Cajazeiras ;10;2;0;9;5;3;23;5;1
2015-15-11;AISP 06 - Brotas ;0;1;0;1;0;22;29;13;7
2015-15-11;AISP 07 - Rio Vermelho ;2;0;0;3;0;16;11;7;5
2015-15-11;AISP 09 - Boca do Rio ;0;0;1;3;0;5;37;7;3
2015-15-11;AISP 12 - Itapuã ;9;0;1;1;1;20;63;12;9
2015-15-11;AISP 14 - Barra ;0;0;0;1;1;1;8;2;6
2015-15-11;AISP 15 - Nordeste ;1;1;0;1;1;1;5;1;14
2015-15-11;AISP 16 - Pituba ;0;0;0;0;0;7;24;4;5
2015-15-11;AISP 01 - Barris ;3;0;0;1;1;20;16;10;11
2015-15-11;AISP 02 - Liberdade ;6;0;0;0;2;14;35;10;1
2015-15-11;AISP 03 - Bonfim ;9;0;0;1;2;14;31;18;10
2015-15-11;AISP 04 - São Caetano ;22;0;0;6;3;21;42;15;0
2015-15-11;AISP 05 - Periperi ;24;0;0;17;8;27;17;11;8
2015-15-11;AISP 08 - CIA ;3;0;0;0;3;0;6;1;0
2015-15-11;AISP 10 - Pau da Lima ;7;1;0;0;3;6;37;14;5
2015-15-11;AISP 11 - Tancredo Neves ;11;0;1;0;6;41;44;18;13
2015-15-11;AISP 13 - Cajazeiras ;12;0;0;4;2;4;20;6;1
2015-15-12;AISP 06 - Brotas ;7;0;1;1;1;20;23;6;6
2015-15-12;AISP 07 - Rio Vermelho ;0;0;0;0;1;16;5;5;3
2015-15-12;AISP 09 - Boca do Rio ;5;0;0;1;6;0;42;7;17
2015-15-12;AISP 12 - Itapuã ;12;1;1;0;5;14;61;20;6
2015-15-12;AISP 14 - Barra ;0;1;0;0;0;4;7;2;5
2015-15-12;AISP 15 - Nordeste ;0;0;0;2;0;4;0;1;1
2015-15-12;AISP 16 - Pituba ;1;0;0;1;0;4;21;7;3
2015-15-12;AISP 01 - Barris ;10;0;0;2;0;13;25;12;1
2015-15-12;AISP 02 - Liberdade ;9;0;0;2;0;9;23;9;1
2015-15-12;AISP 03 - Bonfim ;9;1;2;4;1;12;41;23;7
2015-15-12;AISP 04 - São Caetano ;14;1;0;4;3;25;47;14;1
2015-15-12;AISP 05 - Periperi ;24;0;0;4;7;32;32;4;0
2015-15-12;AISP 08 - CIA ;1;0;0;0;1;0;6;0;0
2015-15-12;AISP 10 - Pau da Lima ;10;1;0;1;2;17;45;9;0
2015-15-12;AISP 11 - Tancredo Neves ;8;0;0;2;8;27;45;15;12
2015-15-12;AISP 13 - Cajazeiras ;8;0;0;1;3;7;15;3;3
2015-15-1;AISP 06 - Brotas ;3;0;0;5;7;16;44;23;8
2015-15-1;AISP 07 - Rio Vermelho ;3;0;1;4;2;12;28;6;4
2015-15-1;AISP 09 - Boca do Rio ;1;0;0;1;2;10;61;4;5
2015-15-1;AISP 12 - Itapuã ;7;0;2;0;9;26;87;25;15
2015-15-1;AISP 14 - Barra ;0;0;1;0;0;8;11;1;6
2015-15-1;AISP 15 - Nordeste ;0;0;0;0;0;18;3;1;4
2015-15-1;AISP 16 - Pituba ;0;0;0;1;2;12;36;4;0
2015-15-1;AISP 01 - Barris ;3;0;0;4;3;18;20;11;9
2015-15-1;AISP 02 - Liberdade ;12;0;0;5;2;22;32;21;0
2015-15-1;AISP 03 - Bonfim ;10;1;0;5;2;20;29;25;4
2015-15-1;AISP 04 - São Caetano ;12;0;0;6;4;34;43;9;7
2015-15-1;AISP 05 - Periperi ;16;0;0;12;6;22;37;14;2
2015-15-1;AISP 08 - CIA ;3;0;0;1;0;3;12;0;0
2015-15-1;AISP 10 - Pau da Lima ;17;0;0;2;2;2;43;12;1
2015-15-1;AISP 11 - Tancredo Neves ;20;0;1;5;12;36;63;19;10
2015-15-1;AISP 13 - Cajazeiras ;8;1;0;3;2;7;20;4;1
2015-15-2;AISP 06 - Brotas ;15;0;1;2;3;15;68;11;9
2015-15-2;AISP 07 - Rio Vermelho ;2;0;0;2;2;9;19;7;2
2015-15-2;AISP 09 - Boca do Rio ;2;0;0;2;2;6;62;10;7
2015-15-2;AISP 12 - Itapuã ;5;0;0;0;5;18;70;21;12
2015-15-2;AISP 14 - Barra ;1;0;0;0;1;1;2;0;3
2015-15-2;AISP 15 - Nordeste ;1;0;1;0;2;11;1;0;3
2015-15-2;AISP 16 - Pituba ;0;0;0;2;0;6;33;1;1
2015-15-2;AISP 01 - Barris ;6;0;2;7;4;13;23;12;8
2015-15-2;AISP 02 - Liberdade ;8;0;0;2;1;14;55;13;0
2015-15-2;AISP 03 - Bonfim ;7;0;0;1;4;14;40;19;0
2015-15-2;AISP 04 - São Caetano ;9;0;1;5;1;33;27;9;1
2015-15-2;AISP 05 - Periperi ;13;1;0;3;5;25;23;4;2
2015-15-2;AISP 08 - CIA ;4;0;0;0;2;0;17;2;0
2015-15-2;AISP 10 - Pau da Lima ;7;0;1;1;7;4;35;9;3
2015-15-2;AISP 11 - Tancredo Neves ;12;0;0;1;12;46;48;8;3
2015-15-2;AISP 13 - Cajazeiras ;3;0;1;2;1;8;25;8;4
2015-15-3;AISP 06 - Brotas ;6;1;0;4;1;21;56;13;10
2015-15-3;AISP 07 - Rio Vermelho ;3;0;0;2;2;12;37;3;2
2015-15-3;AISP 09 - Boca do Rio ;4;1;0;0;6;5;65;4;9
2015-15-3;AISP 12 - Itapuã ;9;0;0;1;4;18;91;19;9
2015-15-3;AISP 14 - Barra ;0;0;0;0;1;1;8;1;6
2015-15-3;AISP 15 - Nordeste ;1;0;0;1;2;3;1;1;3
2015-15-3;AISP 16 - Pituba ;1;0;0;0;1;6;29;3;1
2015-15-3;AISP 01 - Barris ;5;0;0;4;0;9;29;6;8
2015-15-3;AISP 02 - Liberdade ;14;0;1;5;5;10;50;14;0
2015-15-3;AISP 03 - Bonfim ;7;0;0;5;3;20;37;21;5
2015-15-3;AISP 04 - São Caetano ;15;0;2;16;3;19;56;9;1
2015-15-3;AISP 05 - Periperi ;26;0;2;14;9;17;35;8;4
2015-15-3;AISP 08 - CIA ;2;0;0;0;1;1;18;1;0
2015-15-3;AISP 10 - Pau da Lima ;7;1;1;2;3;12;54;11;7
2015-15-3;AISP 11 - Tancredo Neves ;13;2;0;7;3;46;70;17;11
2015-15-3;AISP 13 - Cajazeiras ;12;0;1;3;2;2;26;3;1
2015-15-4;AISP 06 - Brotas ;4;1;0;2;2;14;42;9;8
2015-15-4;AISP 07 - Rio Vermelho ;2;0;0;8;2;7;21;5;2
2015-15-4;AISP 09 - Boca do Rio ;1;0;0;4;1;6;62;5;4
2015-15-4;AISP 12 - Itapuã ;12;0;1;5;2;15;69;18;1
2015-15-4;AISP 14 - Barra ;0;0;0;0;0;0;8;1;4
2015-15-4;AISP 15 - Nordeste ;0;0;0;3;0;1;0;2;2
2015-15-4;AISP 16 - Pituba ;0;0;0;0;2;11;35;2;4
2015-15-4;AISP 01 - Barris ;6;0;1;2;2;12;37;19;3
2015-15-4;AISP 02 - Liberdade ;10;0;0;3;2;7;42;18;8
2015-15-4;AISP 03 - Bonfim ;10;1;0;7;5;22;31;24;1
2015-15-4;AISP 04 - São Caetano ;14;0;0;6;6;33;62;12;5
2015-15-4;AISP 05 - Periperi ;9;0;2;5;7;38;44;2;2
2015-15-4;AISP 08 - CIA ;2;0;1;1;2;2;12;1;0
2015-15-4;AISP 10 - Pau da Lima ;11;0;0;7;1;23;54;15;1
2015-15-4;AISP 11 - Tancredo Neves ;12;0;0;4;6;64;50;15;14
2015-15-4;AISP 13 - Cajazeiras ;5;1;0;5;5;8;41;4;1
2015-15-5;AISP 06 - Brotas ;9;0;1;2;3;16;43;15;4
2015-15-5;AISP 07 - Rio Vermelho ;2;0;0;0;3;9;21;8;5
2015-15-5;AISP 09 - Boca do Rio ;0;0;0;1;3;2;48;3;5
2015-15-5;AISP 12 - Itapuã ;11;0;0;4;2;29;90;6;4
2015-15-5;AISP 14 - Barra ;0;0;0;0;1;0;7;2;0
2015-15-5;AISP 15 - Nordeste ;1;0;0;1;0;5;1;2;3
2015-15-5;AISP 16 - Pituba ;0;0;0;0;0;10;50;5;8
2015-15-5;AISP 01 - Barris ;7;1;0;4;4;11;39;6;2
2015-15-5;AISP 02 - Liberdade ;12;0;0;18;4;11;50;14;0
2015-15-5;AISP 03 - Bonfim ;9;0;0;5;2;18;31;19;8
2015-15-5;AISP 04 - São Caetano ;16;0;1;2;4;19;55;13;7
2015-15-5;AISP 05 - Periperi ;22;0;1;7;8;24;36;8;6
2015-15-5;AISP 08 - CIA ;2;0;0;2;0;3;22;4;2
2015-15-5;AISP 10 - Pau da Lima ;9;0;1;7;6;9;69;11;6
2015-15-5;AISP 11 - Tancredo Neves ;12;1;1;5;7;50;62;15;11
2015-15-5;AISP 13 - Cajazeiras ;5;0;0;1;3;10;40;3;1
2015-15-6;AISP 06 - Brotas ;3;0;1;1;2;10;57;6;11
2015-15-6;AISP 07 - Rio Vermelho ;3;0;0;1;2;12;24;2;0
2015-15-6;AISP 09 - Boca do Rio ;1;0;1;2;0;7;44;4;11
2015-15-6;AISP 12 - Itapuã ;11;0;0;2;2;10;57;7;3
2015-15-6;AISP 14 - Barra ;0;0;0;0;1;3;9;2;3
2015-15-6;AISP 15 - Nordeste ;1;0;0;0;0;7;0;2;6
2015-15-6;AISP 16 - Pituba ;0;0;0;0;2;4;32;6;3
2015-15-6;AISP 01 - Barris ;1;0;1;3;0;10;22;14;4
2015-15-6;AISP 02 - Liberdade ;5;2;0;2;2;11;42;5;6
2015-15-6;AISP 03 - Bonfim ;4;0;1;3;2;20;36;22;3
2015-15-6;AISP 04 - São Caetano ;13;0;0;6;5;36;52;13;3
2015-15-6;AISP 05 - Periperi ;15;0;0;5;4;28;39;7;2
2015-15-6;AISP 08 - CIA ;3;0;1;2;0;0;11;1;1
2015-15-6;AISP 10 - Pau da Lima ;8;1;0;5;0;8;58;19;4
2015-15-6;AISP 11 - Tancredo Neves ;10;1;1;1;5;54;59;19;12
2015-15-6;AISP 13 - Cajazeiras ;8;1;0;3;2;8;31;9;2
2015-15-7;AISP 06 - Brotas ;2;0;1;1;1;12;43;12;2
2015-15-7;AISP 07 - Rio Vermelho ;1;0;0;0;1;16;26;3;0
2015-15-7;AISP 09 - Boca do Rio ;4;0;0;2;2;0;49;8;10
2015-15-7;AISP 12 - Itapuã ;10;0;0;3;4;33;79;11;6
2015-15-7;AISP 14 - Barra ;0;0;0;0;1;7;11;2;0
2015-15-7;AISP 15 - Nordeste ;0;1;0;1;1;10;2;0;6
2015-15-7;AISP 16 - Pituba ;0;0;0;0;2;7;35;2;0
2015-15-7;AISP 01 - Barris ;4;0;0;3;3;15;19;14;7
2015-15-7;AISP 02 - Liberdade ;8;0;0;6;2;9;49;11;0
2015-15-7;AISP 03 - Bonfim ;5;1;0;4;2;24;48;12;4
2015-15-7;AISP 04 - São Caetano ;11;2;0;4;6;24;53;12;3
2015-15-7;AISP 05 - Periperi ;25;0;2;25;6;13;42;7;5
2015-15-7;AISP 08 - CIA ;5;0;0;4;0;0;11;1;4
2015-15-7;AISP 10 - Pau da Lima ;16;0;1;4;2;9;60;21;5
2015-15-7;AISP 11 - Tancredo Neves ;18;0;1;10;5;42;63;27;10
2015-15-7;AISP 13 - Cajazeiras ;9;0;1;3;5;7;21;5;1
2015-15-8;AISP 06 - Brotas ;2;0;0;0;4;10;33;7;3
2015-15-8;AISP 07 - Rio Vermelho ;2;0;0;0;1;17;15;4;6
2015-15-8;AISP 09 - Boca do Rio ;4;0;2;3;3;5;68;4;4
2015-15-8;AISP 12 - Itapuã ;9;0;0;0;3;12;85;9;5
2015-15-8;AISP 14 - Barra ;1;0;0;0;1;1;3;0;4
2015-15-8;AISP 15 - Nordeste ;0;0;0;1;0;8;0;1;7
2015-15-8;AISP 16 - Pituba ;0;0;0;0;0;3;32;1;7
2015-15-8;AISP 01 - Barris ;3;0;0;1;2;17;21;6;15
2015-15-8;AISP 02 - Liberdade ;6;0;0;0;5;13;34;12;1
2015-15-8;AISP 03 - Bonfim ;15;1;0;1;5;18;28;13;5
2015-15-8;AISP 04 - São Caetano ;9;0;0;2;3;15;33;11;4
2015-15-8;AISP 05 - Periperi ;22;0;1;0;6;6;30;13;6
2015-15-8;AISP 08 - CIA ;3;0;0;1;0;4;16;1;0
2015-15-8;AISP 10 - Pau da Lima ;7;0;1;4;1;0;50;16;0
2015-15-8;AISP 11 - Tancredo Neves ;14;0;1;6;7;23;69;17;24
2015-15-8;AISP 13 - Cajazeiras ;6;0;0;7;3;5;22;6;2
2015-15-9;AISP 06 - Brotas ;4;0;0;1;2;12;25;10;3
2015-15-9;AISP 07 - Rio Vermelho ;2;1;0;13;2;6;13;6;8
2015-15-9;AISP 09 - Boca do Rio ;1;0;0;4;5;1;28;6;10
2015-15-9;AISP 12 - Itapuã ;12;1;0;2;8;11;60;25;8
2015-15-9;AISP 14 - Barra ;0;0;1;1;1;1;1;1;3
2015-15-9;AISP 15 - Nordeste ;1;0;1;4;1;1;2;1;5
2015-15-9;AISP 16 - Pituba ;0;0;1;1;0;4;22;3;14
2015-15-9;AISP 01 - Barris ;3;0;1;2;1;13;19;10;9
2015-15-9;AISP 02 - Liberdade ;6;0;0;4;5;6;47;7;1
2015-15-9;AISP 03 - Bonfim ;9;0;1;8;3;16;42;26;7
2015-15-9;AISP 04 - São Caetano ;9;0;0;1;3;7;41;11;6
2015-15-9;AISP 05 - Periperi ;21;0;1;11;5;11;30;9;2
2015-15-9;AISP 08 - CIA ;3;0;0;1;3;0;4;1;0
2015-15-9;AISP 10 - Pau da Lima ;4;0;1;2;3;7;33;12;5
2015-15-9;AISP 11 - Tancredo Neves ;14;0;1;0;3;26;52;26;16
2015-15-9;AISP 13 - Cajazeiras ;8;0;1;1;2;5;13;7;2
2016-15-1;AISP 06 - Brotas ;6;0;0;4;6;26;40;9;13
2016-15-1;AISP 07 - Rio Vermelho ;1;0;0;0;5;18;18;6;3
2016-15-1;AISP 09 - Boca do Rio ;2;0;0;0;5;3;39;7;9
2016-15-1;AISP 12 - Itapuã ;11;0;0;1;3;13;65;18;9
2016-15-1;AISP 14 - Barra ;0;0;0;0;0;2;9;3;0
2016-15-1;AISP 15 - Nordeste ;1;0;0;2;1;1;4;0;2
2016-15-1;AISP 16 - Pituba ;0;0;1;0;3;5;25;3;7
2016-15-1;AISP 01 - Barris ;4;1;1;1;1;8;28;11;5
2016-15-1;AISP 02 - Liberdade ;15;1;1;12;1;3;40;14;3
2016-15-1;AISP 03 - Bonfim ;15;1;0;7;2;15;41;23;21
2016-15-1;AISP 04 - São Caetano ;14;0;1;6;2;29;53;10;7
2016-15-1;AISP 05 - Periperi ;21;1;0;7;5;23;42;9;2
2016-15-1;AISP 08 - CIA ;7;0;0;0;1;2;16;1;0
2016-15-1;AISP 10 - Pau da Lima ;9;0;0;2;0;10;42;20;0
2016-15-1;AISP 11 - Tancredo Neves ;13;3;0;3;5;32;38;28;14
2016-15-1;AISP 13 - Cajazeiras ;6;0;0;3;2;8;17;9;1
2016-15-2;AISP 06 - Brotas ;10;0;0;2;1;23;42;7;4
2016-15-2;AISP 07 - Rio Vermelho ;4;0;0;1;0;14;21;7;111
2016-15-2;AISP 09 - Boca do Rio ;0;0;0;2;1;8;34;7;8
2016-15-2;AISP 12 - Itapuã ;5;1;0;2;8;13;68;14;12
2016-15-2;AISP 14 - Barra ;1;0;0;0;1;1;4;3;5
2016-15-2;AISP 15 - Nordeste ;2;0;0;0;1;3;2;2;6
2016-15-2;AISP 16 - Pituba ;1;0;0;1;0;13;17;3;0
2016-15-2;AISP 01 - Barris ;1;1;0;1;4;15;26;9;5
2016-15-2;AISP 02 - Liberdade ;6;0;1;4;2;16;34;11;2
2016-15-2;AISP 03 - Bonfim ;10;0;0;5;0;18;40;18;3
2016-15-2;AISP 04 - São Caetano ;18;0;0;7;3;19;64;12;2
2016-15-2;AISP 05 - Periperi ;28;1;0;11;14;24;45;14;5
2016-15-2;AISP 08 - CIA ;3;0;0;2;3;0;15;0;1
2016-15-2;AISP 10 - Pau da Lima ;9;0;0;2;5;3;53;15;4
2016-15-2;AISP 11 - Tancredo Neves ;11;0;0;2;7;39;37;18;8
2016-15-2;AISP 13 - Cajazeiras ;5;1;0;2;4;3;14;8;4
2016-15-3;AISP 06 - Brotas ;9;1;0;1;1;19;36;9;6
2016-15-3;AISP 07 - Rio Vermelho ;3;0;1;1;2;13;17;2;3
2016-15-3;AISP 09 - Boca do Rio ;2;0;0;2;3;6;33;10;3
2016-15-3;AISP 12 - Itapuã ;7;0;1;3;6;16;71;11;25
2016-15-3;AISP 14 - Barra ;0;0;0;0;0;2;3;0;7
2016-15-3;AISP 15 - Nordeste ;1;0;0;2;4;5;1;0;10
2016-15-3;AISP 16 - Pituba ;0;0;0;1;0;19;27;4;2
2016-15-3;AISP 01 - Barris ;2;0;0;0;1;14;26;3;5
2016-15-3;AISP 02 - Liberdade ;8;0;0;5;0;18;36;8;5
2016-15-3;AISP 03 - Bonfim ;10;0;1;7;2;24;34;11;10
2016-15-3;AISP 04 - São Caetano ;13;0;1;4;4;15;55;5;2
2016-15-3;AISP 05 - Periperi ;24;1;0;8;11;22;45;7;4
2016-15-3;AISP 08 - CIA ;2;0;0;3;1;0;8;0;6
2016-15-3;AISP 10 - Pau da Lima ;14;0;0;3;5;4;47;6;5
2016-15-3;AISP 11 - Tancredo Neves ;14;1;0;2;4;22;60;21;17
2016-15-3;AISP 13 - Cajazeiras ;7;0;2;8;2;3;26;13;1
2016-15-4;AISP 06 - Brotas ;2;0;0;0;4;13;43;7;9
2016-15-4;AISP 07 - Rio Vermelho ;3;0;1;1;0;11;23;4;2
2016-15-4;AISP 09 - Boca do Rio ;1;0;0;0;2;4;36;6;6
2016-15-4;AISP 12 - Itapuã ;7;0;0;2;5;17;63;19;9
2016-15-4;AISP 14 - Barra ;0;0;0;0;0;0;3;1;7
2016-15-4;AISP 15 - Nordeste ;1;0;0;2;0;6;2;2;10
2016-15-4;AISP 16 - Pituba ;0;0;0;0;0;3;25;5;5
2016-15-4;AISP 01 - Barris ;4;0;0;0;5;20;21;6;7
2016-15-4;AISP 02 - Liberdade ;10;0;1;4;0;11;38;13;3
2016-15-4;AISP 03 - Bonfim ;9;1;0;3;0;26;36;13;14
2016-15-4;AISP 04 - São Caetano ;14;0;1;11;2;23;52;20;4
2016-15-4;AISP 05 - Periperi ;14;0;1;7;5;8;46;21;10
2016-15-4;AISP 08 - CIA ;2;0;0;3;0;0;9;1;1
2016-15-4;AISP 10 - Pau da Lima ;9;0;0;5;2;7;59;8;1
2016-15-4;AISP 11 - Tancredo Neves ;13;0;2;5;3;35;63;23;22
2016-15-4;AISP 13 - Cajazeiras ;8;0;0;1;1;5;20;5;2
2016-15-5;AISP 06 - Brotas ;0;0;0;1;2;23;32;7;3
2016-15-5;AISP 07 - Rio Vermelho ;6;0;0;4;0;25;27;4;8
2016-15-5;AISP 09 - Boca do Rio ;5;0;0;1;5;3;41;7;11
2016-15-5;AISP 12 - Itapuã ;11;0;0;2;4;27;80;12;27
2016-15-5;AISP 14 - Barra ;0;0;0;0;0;4;6;3;0
2016-15-5;AISP 15 - Nordeste ;1;0;0;0;1;10;2;4;9
2016-15-5;AISP 16 - Pituba ;0;0;0;0;0;8;29;6;7
2016-15-5;AISP 01 - Barris ;3;1;0;5;0;26;21;6;11
2016-15-5;AISP 02 - Liberdade ;7;1;0;3;2;7;28;11;4
2016-15-5;AISP 03 - Bonfim ;12;0;1;3;3;27;35;13;3
2016-15-5;AISP 04 - São Caetano ;15;1;1;2;5;18;47;13;5
2016-15-5;AISP 05 - Periperi ;29;0;1;10;10;16;44;13;5
2016-15-5;AISP 08 - CIA ;3;0;0;0;0;0;10;0;1
2016-15-5;AISP 10 - Pau da Lima ;9;0;0;2;4;10;44;15;0
2016-15-5;AISP 11 - Tancredo Neves ;14;2;0;6;7;32;46;22;18
2016-15-5;AISP 13 - Cajazeiras ;2;0;0;0;7;13;31;4;1
2016-15-6;AISP 06 - Brotas ;3;0;0;1;4;7;45;11;3
2016-15-6;AISP 07 - Rio Vermelho ;2;0;3;2;1;29;19;6;4
2016-15-6;AISP 09 - Boca do Rio ;3;0;0;5;2;4;42;3;3
2016-15-6;AISP 12 - Itapuã ;5;0;0;2;7;31;69;17;16
2016-15-6;AISP 14 - Barra ;0;0;0;0;2;12;8;0;1
2016-15-6;AISP 15 - Nordeste ;3;0;0;0;0;7;0;3;7
2016-15-6;AISP 16 - Pituba ;0;0;0;0;0;16;31;4;3
2016-15-6;AISP 01 - Barris ;6;0;0;4;4;11;30;8;4
2016-15-6;AISP 02 - Liberdade ;6;0;0;1;0;3;40;13;1
2016-15-6;AISP 03 - Bonfim ;14;0;0;4;2;11;31;14;5
2016-15-6;AISP 04 - São Caetano ;7;0;0;4;9;16;38;15;6
2016-15-6;AISP 05 - Periperi ;9;0;0;11;5;19;22;8;13
2016-15-6;AISP 08 - CIA ;2;0;0;0;0;0;9;0;6
2016-15-6;AISP 10 - Pau da Lima ;6;0;0;1;3;3;49;21;5
2016-15-6;AISP 11 - Tancredo Neves ;12;0;2;8;2;27;35;16;12
2016-15-6;AISP 13 - Cajazeiras ;14;0;0;5;2;9;20;4;5
2016-15-7;AISP 06 - Brotas ;10;0;0;3;3;17;37;9;7
2016-15-7;AISP 07 - Rio Vermelho ;0;0;0;1;0;24;15;3;7
2016-15-7;AISP 09 - Boca do Rio ;0;0;0;4;2;4;44;5;3
2016-15-7;AISP 12 - Itapuã ;13;0;0;1;4;32;79;12;4
2016-15-7;AISP 14 - Barra ;1;0;0;1;0;4;8;2;8
2016-15-7;AISP 15 - Nordeste ;1;0;0;0;3;11;0;0;0
2016-15-7;AISP 16 - Pituba ;0;0;0;0;2;8;32;4;7
2016-15-7;AISP 01 - Barris ;0;0;0;0;2;13;42;8;8
2016-15-7;AISP 02 - Liberdade ;7;0;0;1;2;3;32;13;3
2016-15-7;AISP 03 - Bonfim ;9;0;3;2;2;8;34;15;13
2016-15-7;AISP 04 - São Caetano ;5;0;1;2;4;28;50;12;2
2016-15-7;AISP 05 - Periperi ;20;0;0;7;9;28;38;10;4
2016-15-7;AISP 08 - CIA ;4;0;0;0;0;1;20;0;7
2016-15-7;AISP 10 - Pau da Lima ;11;1;0;1;2;6;57;17;4
2016-15-7;AISP 11 - Tancredo Neves ;8;0;0;5;4;23;73;17;27
2016-15-7;AISP 13 - Cajazeiras ;10;0;0;3;2;8;28;10;7
2016-15-8;AISP 06 - Brotas ;8;0;0;0;3;11;28;5;10
2016-15-8;AISP 07 - Rio Vermelho ;0;0;0;1;0;25;18;2;2
2016-15-8;AISP 09 - Boca do Rio ;3;0;0;1;3;10;52;5;6
2016-15-8;AISP 12 - Itapuã ;5;0;0;0;6;53;76;17;12
2016-15-8;AISP 14 - Barra ;0;0;0;0;2;4;7;1;8
2016-15-8;AISP 15 - Nordeste ;1;0;0;0;1;6;2;0;8
2016-15-8;AISP 16 - Pituba ;0;0;0;2;0;7;23;3;2
2016-15-8;AISP 01 - Barris ;0;0;0;1;3;21;20;5;12
2016-15-8;AISP 02 - Liberdade ;8;1;1;4;4;7;45;7;2
2016-15-8;AISP 03 - Bonfim ;9;0;0;4;1;21;52;7;2
2016-15-8;AISP 04 - São Caetano ;11;0;1;1;4;21;70;8;3
2016-15-8;AISP 05 - Periperi ;16;0;0;4;9;43;29;5;3
2016-15-8;AISP 08 - CIA ;2;0;0;1;1;1;21;0;3
2016-15-8;AISP 10 - Pau da Lima ;10;0;0;3;2;10;47;9;1
2016-15-8;AISP 11 - Tancredo Neves ;11;0;1;3;6;32;36;12;25
2016-15-8;AISP 13 - Cajazeiras ;6;0;0;0;2;3;26;11;4
2016-15-9;AISP 06 - Brotas ;4;0;0;1;2;15;44;15;4
2016-15-9;AISP 07 - Rio Vermelho ;2;0;0;2;1;27;18;5;4
2016-15-9;AISP 09 - Boca do Rio ;4;0;1;0;3;2;41;5;6
2016-15-9;AISP 12 - Itapuã ;9;0;0;4;7;34;71;21;13
2016-15-9;AISP 14 - Barra ;0;0;0;0;0;4;4;0;8
2016-15-9;AISP 15 - Nordeste ;1;0;0;1;2;6;3;1;6
2016-15-9;AISP 16 - Pituba ;0;0;0;0;0;13;27;7;5
2016-15-9;AISP 01 - Barris ;4;0;1;2;1;8;19;6;8
2016-15-9;AISP 02 - Liberdade ;13;0;0;8;1;17;38;7;9
2016-15-9;AISP 03 - Bonfim ;10;0;0;5;1;13;31;16;6
2016-15-9;AISP 04 - São Caetano ;13;0;0;9;5;23;48;6;4
2016-15-9;AISP 05 - Periperi ;21;0;1;3;5;45;35;9;3
2016-15-9;AISP 08 - CIA ;2;0;0;1;0;1;7;0;5
2016-15-9;AISP 10 - Pau da Lima ;8;0;0;0;2;9;48;11;0
2016-15-9;AISP 11 - Tancredo Neves ;9;0;0;0;2;19;70;16;21
2016-15-9;AISP 13 - Cajazeiras ;7;0;0;7;2;4;21;1;2
2016-15-10;AISP 06 - Brotas ;8;0;0;0;2;11;29;9;8
2016-15-10;AISP 07 - Rio Vermelho ;2;0;0;1;1;31;20;6;7
2016-15-10;AISP 09 - Boca do Rio ;6;0;0;3;0;8;28;7;5
2016-15-10;AISP 12 - Itapuã ;13;0;0;4;3;23;58;17;9
2016-15-10;AISP 14 - Barra ;0;0;0;0;0;1;4;1;4
2016-15-10;AISP 15 - Nordeste ;2;0;0;0;0;2;1;0;3
2016-15-10;AISP 16 - Pituba ;0;0;0;0;1;13;27;3;4
2016-15-10;AISP 01 - Barris ;4;0;0;4;0;29;22;5;3
2016-15-10;AISP 02 - Liberdade ;9;0;0;9;0;10;45;5;5
2016-15-10;AISP 03 - Bonfim ;4;0;0;3;1;25;33;32;6
2016-15-10;AISP 04 - São Caetano ;12;0;0;4;3;21;40;4;6
2016-15-10;AISP 05 - Periperi ;15;0;0;7;4;11;36;9;2
2016-15-10;AISP 08 - CIA ;6;0;0;1;0;0;12;1;6
2016-15-10;AISP 10 - Pau da Lima ;15;0;0;1;1;14;37;16;5
2016-15-10;AISP 11 - Tancredo Neves ;13;0;2;2;5;31;69;14;5
2016-15-10;AISP 13 - Cajazeiras ;9;0;0;3;1;6;26;3;3
2016-15-11;AISP 06 - Brotas ;5;0;0;2;4;11;33;8;2
2016-15-11;AISP 07 - Rio Vermelho ;1;0;0;0;2;29;12;5;5
2016-15-11;AISP 09 - Boca do Rio ;1;0;0;1;0;9;55;4;6
2016-15-11;AISP 12 - Itapuã ;9;0;0;2;3;13;56;26;5
2016-15-11;AISP 14 - Barra ;0;0;0;0;0;3;2;1;5
2016-15-11;AISP 15 - Nordeste ;2;0;0;2;0;6;1;0;1
2016-15-11;AISP 16 - Pituba ;1;0;0;0;0;12;18;6;7
2016-15-11;AISP 01 - Barris ;1;0;0;0;1;15;16;8;6
2016-15-11;AISP 02 - Liberdade ;14;0;1;9;1;13;43;9;2
2016-15-11;AISP 03 - Bonfim ;2;0;0;8;2;19;35;26;3
2016-15-11;AISP 04 - São Caetano ;12;0;0;0;2;6;33;5;3
2016-15-11;AISP 05 - Periperi ;11;0;0;2;8;14;39;14;4
2016-15-11;AISP 08 - CIA ;7;0;0;0;0;0;9;0;1
2016-15-11;AISP 10 - Pau da Lima ;11;0;0;0;2;13;46;20;6
2016-15-11;AISP 11 - Tancredo Neves ;16;0;0;4;0;19;63;19;9
2016-15-11;AISP 13 - Cajazeiras ;10;0;0;3;3;6;21;4;5
2016-15-12;AISP 06 - Brotas ;14;0;0;1;2;14;21;10;15
2016-15-12;AISP 07 - Rio Vermelho ;0;0;0;0;1;25;15;4;10
2016-15-12;AISP 09 - Boca do Rio ;3;0;0;0;2;4;45;6;3
2016-15-12;AISP 12 - Itapuã ;8;0;0;0;0;13;62;26;1
2016-15-12;AISP 14 - Barra ;0;0;0;0;0;1;5;1;4
2016-15-12;AISP 15 - Nordeste ;5;0;0;1;0;1;1;0;3
2016-15-12;AISP 16 - Pituba ;0;0;0;0;0;12;15;8;16
2016-15-12;AISP 01 - Barris ;3;0;0;0;0;12;19;5;13
2016-15-12;AISP 02 - Liberdade ;4;0;0;3;0;13;37;8;6
2016-15-12;AISP 03 - Bonfim ;6;0;0;2;0;22;36;16;6
2016-15-12;AISP 04 - São Caetano ;9;0;0;1;0;12;47;7;5
2016-15-12;AISP 05 - Periperi ;12;0;0;7;3;22;33;4;2
2016-15-12;AISP 08 - CIA ;7;0;0;1;1;3;14;1;2
2016-15-12;AISP 10 - Pau da Lima ;12;0;0;0;0;16;43;12;4
2016-15-12;AISP 11 - Tancredo Neves ;18;0;0;5;2;27;48;17;11
2016-15-12;AISP 13 - Cajazeiras ;10;0;0;1;0;6;35;4;6
2017-15-1;AISP 06 - Brotas ;8;0;0;0;3;18;33;8;6
2017-15-1;AISP 07 - Rio Vermelho ;3;0;0;1;1;19;25;6;8
2017-15-1;AISP 09 - Boca do Rio ;4;0;0;6;1;6;39;8;4
2017-15-1;AISP 12 - Itapuã ;10;0;0;3;9;20;67;19;23
2017-15-1;AISP 14 - Barra ;0;0;0;0;0;3;4;1;3
2017-15-1;AISP 15 - Nordeste ;2;0;0;3;0;5;0;1;4
2017-15-1;AISP 16 - Pituba ;0;0;1;0;2;8;23;6;7
2017-15-1;AISP 01 - Barris ;2;0;0;0;2;15;21;11;13
2017-15-1;AISP 02 - Liberdade ;11;0;0;10;1;9;24;2;2
2017-15-1;AISP 03 - Bonfim ;13;0;0;1;6;26;30;27;13
2017-15-1;AISP 04 - São Caetano ;13;0;2;2;1;19;47;9;3
2017-15-1;AISP 05 - Periperi ;24;0;0;8;3;27;27;6;10
2017-15-1;AISP 08 - CIA ;2;0;0;2;1;3;10;1;11
2017-15-1;AISP 10 - Pau da Lima ;11;0;1;0;4;12;29;17;1
2017-15-1;AISP 11 - Tancredo Neves ;12;0;1;4;4;29;52;14;26
2017-15-1;AISP 13 - Cajazeiras ;16;0;0;2;6;4;26;6;8
2018-15-1;AISP 06 - Brotas ;9;0;0;4;0;11;38;3;5
2018-15-1;AISP 07 - Rio Vermelho ;1;0;0;3;1;6;20;6;9
2018-15-1;AISP 09 - Boca do Rio ;3;0;0;1;3;6;37;13;6
2018-15-1;AISP 12 - Itapuã ;4;0;0;1;2;4;42;22;3
2018-15-1;AISP 14 - Barra ;0;0;0;0;0;2;5;1;7
2018-15-1;AISP 15 - Nordeste ;3;0;0;0;2;3;2;1;4
2018-15-1;AISP 16 - Pituba ;1;0;0;0;0;7;21;6;8
2018-15-1;AISP 01 - Barris ;5;0;0;5;2;2;15;3;20
2018-15-1;AISP 02 - Liberdade ;12;0;0;4;2;3;44;2;7
2018-15-1;AISP 03 - Bonfim ;7;0;0;9;1;8;24;17;10
2018-15-1;AISP 04 - São Caetano ;6;0;0;1;6;15;58;8;9
2018-15-1;AISP 05 - Periperi ;15;0;1;6;8;19;29;9;4
2018-15-1;AISP 08 - CIA ;6;0;0;0;0;11;8;1;10
2018-15-1;AISP 10 - Pau da Lima ;7;0;0;2;9;6;39;14;2
2018-15-1;AISP 11 - Tancredo Neves ;20;0;0;3;4;29;58;13;24
2018-15-1;AISP 13 - Cajazeiras ;7;0;0;0;2;7;26;2;0
2019-15-1;AISP 06 - Brotas ;1;0;0;0;1;17;21;1;9
2019-15-1;AISP 07 - Rio Vermelho ;0;0;0;2;1;7;20;5;13
2019-15-1;AISP 09 - Boca do Rio ;5;0;0;3;9;5;54;10;5
2019-15-1;AISP 12 - Itapuã ;12;0;0;0;5;17;58;26;19
2019-15-1;AISP 14 - Barra ;0;0;0;0;0;2;1;0;1
2019-15-1;AISP 15 - Nordeste ;3;0;0;0;0;4;1;1;6
2019-15-1;AISP 16 - Pituba ;0;0;0;1;2;13;10;1;16
2019-15-1;AISP 01 - Barris ;3;0;0;0;0;17;17;10;24
2019-15-1;AISP 02 - Liberdade ;11;0;0;1;3;8;33;18;1
2019-15-1;AISP 03 - Bonfim ;2;0;1;1;2;8;20;21;19
2019-15-1;AISP 04 - São Caetano ;8;0;0;1;9;22;29;4;3
2019-15-1;AISP 05 - Periperi ;16;0;0;13;7;13;19;12;20
2019-15-1;AISP 08 - CIA ;3;0;0;1;2;1;3;0;23
2019-15-1;AISP 10 - Pau da Lima ;7;0;0;1;4;5;37;6;4
2019-15-1;AISP 11 - Tancredo Neves ;10;0;0;0;6;40;39;9;9
2019-15-1;AISP 13 - Cajazeiras ;4;0;0;2;1;11;19;4;0
2020-15-1;AISP 06 - Brotas ;2;0;0;0;3;5;31;5;1
2020-15-1;AISP 07 - Rio Vermelho ;1;0;0;0;2;3;12;3;9
2020-15-1;AISP 09 - Boca do Rio ;1;0;0;0;1;13;32;2;0
2020-15-1;AISP 12 - Itapuã ;5;0;0;3;9;10;62;14;1
2020-15-1;AISP 14 - Barra ;0;0;0;0;0;1;5;1;1
2020-15-1;AISP 15 - Nordeste ;1;0;0;1;1;4;2;0;0
2020-15-1;AISP 16 - Pituba ;0;0;0;0;2;13;9;1;6
2020-15-1;AISP 01 - Barris ;0;0;0;0;0;0;0;0;0
2020-15-1;AISP 02 - Liberdade ;0;0;0;0;0;0;0;0;0
2020-15-1;AISP 03 - Bonfim ;0;0;0;0;0;0;0;0;0
2020-15-1;AISP 04 - São Caetano ;0;0;0;0;0;0;0;0;0
2020-15-1;AISP 05 - Periperi ;0;0;0;0;0;0;0;0;0
2020-15-1;AISP 08 - CIA ;0;0;0;0;0;0;0;0;0
2020-15-1;AISP 10 - Pau da Lima ;0;0;0;0;0;0;0;0;0
2020-15-1;AISP 11 - Tancredo Neves ;0;0;0;0;0;0;0;0;0
2020-15-1;AISP 13 - Cajazeiras ;0;0;0;0;0;0;0;0;0
2017-15-2;AISP 06 - Brotas ;5;0;1;0;0;15;34;13;2
2017-15-2;AISP 07 - Rio Vermelho ;2;0;0;9;4;16;15;8;8
2017-15-2;AISP 09 - Boca do Rio ;4;0;0;0;2;5;48;6;6
2017-15-2;AISP 12 - Itapuã ;8;0;0;2;5;17;36;17;15
2017-15-2;AISP 14 - Barra ;0;0;0;1;0;4;8;6;4
2017-15-2;AISP 15 - Nordeste ;3;0;0;0;0;2;1;0;5
2017-15-2;AISP 16 - Pituba ;0;0;0;1;0;8;22;6;7
2017-15-2;AISP 01 - Barris ;3;0;0;0;3;15;25;5;17
2017-15-2;AISP 02 - Liberdade ;11;0;0;13;5;8;40;6;1
2017-15-2;AISP 03 - Bonfim ;4;0;0;1;2;41;24;19;5
2017-15-2;AISP 04 - São Caetano ;3;0;0;1;2;17;46;5;5
2017-15-2;AISP 05 - Periperi ;12;0;1;8;12;23;43;6;7
2017-15-2;AISP 08 - CIA ;5;0;0;2;0;2;18;1;9
2017-15-2;AISP 10 - Pau da Lima ;12;0;0;2;1;3;41;6;5
2017-15-2;AISP 11 - Tancredo Neves ;13;0;0;10;8;24;48;9;18
2017-15-2;AISP 13 - Cajazeiras ;17;0;1;2;3;6;36;1;10
2018-15-2;AISP 06 - Brotas ;6;0;1;5;2;12;22;11;7
2018-15-2;AISP 07 - Rio Vermelho ;2;0;0;0;0;10;15;14;18
2018-15-2;AISP 09 - Boca do Rio ;1;0;0;0;2;9;32;9;12
2018-15-2;AISP 12 - Itapuã ;9;0;0;2;4;11;34;18;9
2018-15-2;AISP 14 - Barra ;1;0;0;0;1;0;3;3;18
2018-15-2;AISP 15 - Nordeste ;2;0;0;2;0;4;1;0;4
2018-15-2;AISP 16 - Pituba ;0;0;0;0;1;7;17;9;9
2018-15-2;AISP 01 - Barris ;2;0;0;4;4;7;17;6;13
2018-15-2;AISP 02 - Liberdade ;12;0;0;1;2;14;48;6;2
2018-15-2;AISP 03 - Bonfim ;8;0;0;3;8;16;30;11;15
2018-15-2;AISP 04 - São Caetano ;6;0;0;0;4;20;46;3;6
2018-15-2;AISP 05 - Periperi ;19;1;0;9;3;17;18;7;2
2018-15-2;AISP 08 - CIA ;0;0;0;0;0;3;18;1;10
2018-15-2;AISP 10 - Pau da Lima ;4;0;0;1;4;10;38;10;3
2018-15-2;AISP 11 - Tancredo Neves ;11;0;0;3;5;26;54;9;5
2018-15-2;AISP 13 - Cajazeiras ;3;0;0;4;4;5;33;5;10
2019-15-2;AISP 06 - Brotas ;2;0;0;1;0;6;23;7;12
2019-15-2;AISP 07 - Rio Vermelho ;2;0;0;3;0;10;9;3;13
2019-15-2;AISP 09 - Boca do Rio ;3;0;1;1;1;1;35;1;2
2019-15-2;AISP 12 - Itapuã ;5;0;2;0;9;11;51;11;11
2019-15-2;AISP 14 - Barra ;0;0;0;0;1;2;2;3;7
2019-15-2;AISP 15 - Nordeste ;1;0;0;1;0;1;2;0;7
2019-15-2;AISP 16 - Pituba ;0;0;0;0;1;8;11;1;8
2019-15-2;AISP 01 - Barris ;1;0;0;0;1;5;9;7;19
2019-15-2;AISP 02 - Liberdade ;4;0;0;0;3;8;25;14;4
2019-15-2;AISP 03 - Bonfim ;12;0;0;5;1;12;25;6;4
2019-15-2;AISP 04 - São Caetano ;9;0;0;6;1;15;37;8;2
2019-15-2;AISP 05 - Periperi ;17;0;0;6;6;11;33;7;10
2019-15-2;AISP 08 - CIA ;3;0;0;1;0;1;7;1;9
2019-15-2;AISP 10 - Pau da Lima ;5;0;0;0;1;4;31;13;2
2019-15-2;AISP 11 - Tancredo Neves ;6;0;1;0;4;25;52;16;8
2019-15-2;AISP 13 - Cajazeiras ;1;0;0;1;2;9;27;6;2
2020-15-2;AISP 06 - Brotas ;5;0;0;1;2;19;25;1;6
2020-15-2;AISP 07 - Rio Vermelho ;0;0;0;0;3;1;8;7;5
2020-15-2;AISP 09 - Boca do Rio ;4;0;0;0;0;6;26;7;0
2020-15-2;AISP 12 - Itapuã ;12;0;1;0;11;16;80;16;3
2020-15-2;AISP 14 - Barra ;0;0;0;0;1;0;5;1;0
2020-15-2;AISP 15 - Nordeste ;2;0;0;0;1;8;3;1;0
2020-15-2;AISP 16 - Pituba ;0;0;0;0;2;8;16;1;6
2020-15-2;AISP 01 - Barris ;0;0;0;0;0;0;0;0;0
2020-15-2;AISP 02 - Liberdade ;0;0;0;0;0;0;0;0;0
2020-15-2;AISP 03 - Bonfim ;0;0;0;0;0;0;0;0;0
2020-15-2;AISP 04 - São Caetano ;0;0;0;0;0;0;0;0;0
2020-15-2;AISP 05 - Periperi ;0;0;0;0;0;0;0;0;0
2020-15-2;AISP 08 - CIA ;0;0;0;0;0;0;0;0;0
2020-15-2;AISP 10 - Pau da Lima ;0;0;0;0;0;0;0;0;0
2020-15-2;AISP 11 - Tancredo Neves ;0;0;0;0;0;0;0;0;0
2020-15-2;AISP 13 - Cajazeiras ;0;0;0;0;0;0;0;0;0
2017-15-3;AISP 06 - Brotas ;5;0;0;2;6;26;30;13;5
2017-15-3;AISP 07 - Rio Vermelho ;4;0;0;0;1;16;20;9;9
2017-15-3;AISP 09 - Boca do Rio ;1;0;0;1;5;4;48;8;7
2017-15-3;AISP 12 - Itapuã ;16;1;0;2;9;23;72;22;24
2017-15-3;AISP 14 - Barra ;0;0;1;0;1;3;9;4;0
2017-15-3;AISP 15 - Nordeste ;1;0;0;0;1;5;0;1;3
2017-15-3;AISP 16 - Pituba ;2;0;0;0;2;15;25;8;10
2017-15-3;AISP 01 - Barris ;4;0;0;0;2;18;19;9;3
2017-15-3;AISP 02 - Liberdade ;4;0;0;2;1;9;26;9;4
2017-15-3;AISP 03 - Bonfim ;7;0;1;4;5;34;24;19;9
2017-15-3;AISP 04 - São Caetano ;10;0;0;3;4;30;49;7;3
2017-15-3;AISP 05 - Periperi ;25;0;1;7;7;34;35;11;3
2017-15-3;AISP 08 - CIA ;2;0;0;0;0;1;11;1;12
2017-15-3;AISP 10 - Pau da Lima ;11;0;0;5;9;4;47;7;1
2017-15-3;AISP 11 - Tancredo Neves ;16;0;0;3;8;39;54;17;19
2017-15-3;AISP 13 - Cajazeiras ;13;0;1;1;5;4;38;4;5
2018-15-3;AISP 06 - Brotas ;2;0;0;1;2;10;30;8;5
2018-15-3;AISP 07 - Rio Vermelho ;0;0;0;2;3;7;22;4;14
2018-15-3;AISP 09 - Boca do Rio ;5;0;0;0;3;9;53;7;8
2018-15-3;AISP 12 - Itapuã ;15;0;1;1;8;7;62;16;12
2018-15-3;AISP 14 - Barra ;0;0;0;0;1;2;2;1;3
2018-15-3;AISP 15 - Nordeste ;2;0;0;0;2;0;2;2;11
2018-15-3;AISP 16 - Pituba ;0;0;0;0;0;7;24;5;6
2018-15-3;AISP 01 - Barris ;1;0;0;0;1;5;23;4;36
2018-15-3;AISP 02 - Liberdade ;13;0;0;7;1;4;41;8;3
2018-15-3;AISP 03 - Bonfim ;9;0;0;5;3;9;24;14;1
2018-15-3;AISP 04 - São Caetano ;6;0;0;1;6;24;51;5;3
2018-15-3;AISP 05 - Periperi ;10;0;0;4;7;25;34;8;8
2018-15-3;AISP 08 - CIA ;4;0;0;1;2;1;14;1;8
2018-15-3;AISP 10 - Pau da Lima ;9;0;0;0;3;9;47;8;2
2018-15-3;AISP 11 - Tancredo Neves ;6;1;0;1;6;25;57;9;6
2018-15-3;AISP 13 - Cajazeiras ;7;0;0;2;1;22;45;8;3
2019-15-3;AISP 06 - Brotas ;2;1;0;0;1;16;33;4;9
2019-15-3;AISP 07 - Rio Vermelho ;0;0;0;1;0;5;9;6;16
2019-15-3;AISP 09 - Boca do Rio ;1;0;0;3;2;7;31;2;7
2019-15-3;AISP 12 - Itapuã ;7;0;0;2;1;8;51;13;18
2019-15-3;AISP 14 - Barra ;0;0;0;0;2;1;2;6;8
2019-15-3;AISP 15 - Nordeste ;0;0;0;3;0;6;0;0;7
2019-15-3;AISP 16 - Pituba ;1;0;0;0;0;4;12;5;15
2019-15-3;AISP 01 - Barris ;3;0;0;4;0;10;8;6;25
2019-15-3;AISP 02 - Liberdade ;5;0;0;1;2;11;42;18;5
2019-15-3;AISP 03 - Bonfim ;7;0;0;4;4;12;22;9;10
2019-15-3;AISP 04 - São Caetano ;8;0;0;1;3;16;38;8;3
2019-15-3;AISP 05 - Periperi ;12;1;0;8;7;20;26;10;15
2019-15-3;AISP 08 - CIA ;2;0;0;0;1;2;6;0;12
2019-15-3;AISP 10 - Pau da Lima ;6;0;0;2;2;9;43;10;2
2019-15-3;AISP 11 - Tancredo Neves ;17;0;0;1;5;33;54;16;15
2019-15-3;AISP 13 - Cajazeiras ;10;1;0;6;3;6;25;8;2
2020-15-3;AISP 06 - Brotas ;1;0;0;3;3;12;36;5;6
2020-15-3;AISP 07 - Rio Vermelho ;2;0;0;0;1;3;26;3;2
2020-15-3;AISP 09 - Boca do Rio ;3;0;0;1;0;7;35;2;0
2020-15-3;AISP 12 - Itapuã ;9;0;0;6;4;5;78;4;5
2020-15-3;AISP 14 - Barra ;0;0;0;0;1;1;5;2;0
2020-15-3;AISP 15 - Nordeste ;1;0;0;0;2;1;3;0;2
2020-15-3;AISP 16 - Pituba ;0;0;0;0;0;7;21;0;0
2020-15-3;AISP 01 - Barris ;0;0;0;0;0;0;0;0;0
2020-15-3;AISP 02 - Liberdade ;0;0;0;0;0;0;0;0;0
2020-15-3;AISP 03 - Bonfim ;0;0;0;0;0;0;0;0;0
2020-15-3;AISP 04 - São Caetano ;0;0;0;0;0;0;0;0;0
2020-15-3;AISP 05 - Periperi ;0;0;0;0;0;0;0;0;0
2020-15-3;AISP 08 - CIA ;0;0;0;0;0;0;0;0;0
2020-15-3;AISP 10 - Pau da Lima ;0;0;0;0;0;0;0;0;0
2020-15-3;AISP 11 - Tancredo Neves ;0;0;0;0;0;0;0;0;0
2020-15-3;AISP 13 - Cajazeiras ;0;0;0;0;0;0;0;0;0
2017-15-4;AISP 06 - Brotas ;4;1;0;3;2;27;30;13;13
2017-15-4;AISP 07 - Rio Vermelho ;0;0;0;0;3;9;22;3;7
2017-15-4;AISP 09 - Boca do Rio ;0;0;0;3;2;2;42;7;10
2017-15-4;AISP 12 - Itapuã ;11;0;0;0;1;32;54;16;17
2017-15-4;AISP 14 - Barra ;0;0;0;0;0;1;9;3;2
2017-15-4;AISP 15 - Nordeste ;1;0;0;0;0;3;1;0;5
2017-15-4;AISP 16 - Pituba ;0;0;0;0;0;13;27;6;6
2017-15-4;AISP 01 - Barris ;4;0;0;9;0;22;26;10;7
2017-15-4;AISP 02 - Liberdade ;2;0;0;1;3;12;30;11;4
2017-15-4;AISP 03 - Bonfim ;6;0;1;12;0;28;20;12;4
2017-15-4;AISP 04 - São Caetano ;17;0;1;5;1;28;31;12;4
2017-15-4;AISP 05 - Periperi ;16;0;0;7;3;38;20;9;11
2017-15-4;AISP 08 - CIA ;3;0;0;0;0;4;13;0;11
2017-15-4;AISP 10 - Pau da Lima ;13;0;1;2;4;5;31;3;0
2017-15-4;AISP 11 - Tancredo Neves ;15;0;0;3;4;41;40;17;24
2017-15-4;AISP 13 - Cajazeiras ;10;0;0;0;5;15;25;5;6
2018-15-4;AISP 06 - Brotas ;4;0;0;1;3;13;42;14;5
2018-15-4;AISP 07 - Rio Vermelho ;1;0;0;0;2;11;18;6;15
2018-15-4;AISP 09 - Boca do Rio ;5;0;0;2;3;5;45;5;7
2018-15-4;AISP 12 - Itapuã ;7;0;0;2;2;15;66;13;9
2018-15-4;AISP 14 - Barra ;1;0;0;1;0;0;5;0;6
2018-15-4;AISP 15 - Nordeste ;6;0;0;0;1;4;1;0;0
2018-15-4;AISP 16 - Pituba ;1;0;0;3;1;2;16;3;9
2018-15-4;AISP 01 - Barris ;3;0;0;0;0;5;19;6;26
2018-15-4;AISP 02 - Liberdade ;12;0;0;4;3;11;58;3;5
2018-15-4;AISP 03 - Bonfim ;7;0;0;1;3;15;31;14;13
2018-15-4;AISP 04 - São Caetano ;11;0;0;1;3;24;49;8;3
2018-15-4;AISP 05 - Periperi ;21;0;0;4;10;18;40;9;9
2018-15-4;AISP 08 - CIA ;1;0;0;1;0;8;12;0;9
2018-15-4;AISP 10 - Pau da Lima ;9;0;0;1;3;5;47;12;1
2018-15-4;AISP 11 - Tancredo Neves ;16;0;0;3;2;18;52;21;12
2018-15-4;AISP 13 - Cajazeiras ;3;0;0;0;1;10;34;4;4
2019-15-4;AISP 06 - Brotas ;6;0;0;9;1;5;30;9;11
2019-15-4;AISP 07 - Rio Vermelho ;0;0;0;2;0;4;12;4;24
2019-15-4;AISP 09 - Boca do Rio ;4;0;0;2;2;4;33;7;7
2019-15-4;AISP 12 - Itapuã ;8;0;0;2;7;7;68;17;13
2019-15-4;AISP 14 - Barra ;1;0;0;0;0;2;1;0;10
2019-15-4;AISP 15 - Nordeste ;1;0;0;2;0;6;1;1;5
2019-15-4;AISP 16 - Pituba ;0;0;0;1;1;11;9;4;24
2019-15-4;AISP 01 - Barris ;4;0;0;1;3;2;16;7;27
2019-15-4;AISP 02 - Liberdade ;10;0;0;6;1;10;17;30;4
2019-15-4;AISP 03 - Bonfim ;9;0;0;7;1;14;17;6;16
2019-15-4;AISP 04 - São Caetano ;12;1;0;1;4;14;45;9;2
2019-15-4;AISP 05 - Periperi ;12;0;0;9;7;19;30;5;5
2019-15-4;AISP 08 - CIA ;1;0;0;1;2;1;9;0;11
2019-15-4;AISP 10 - Pau da Lima ;3;0;0;0;2;3;34;5;1
2019-15-4;AISP 11 - Tancredo Neves ;16;1;0;1;7;38;52;21;15
2019-15-4;AISP 13 - Cajazeiras ;5;0;0;3;2;10;24;0;4
2020-15-4;AISP 06 - Brotas ;6;0;1;2;2;7;20;6;6
2020-15-4;AISP 07 - Rio Vermelho ;1;0;0;0;1;4;10;0;3
2020-15-4;AISP 09 - Boca do Rio ;8;0;0;1;2;2;32;5;1
2020-15-4;AISP 12 - Itapuã ;9;1;0;0;1;2;50;5;1
2020-15-4;AISP 14 - Barra ;0;0;0;0;0;1;5;0;0
2020-15-4;AISP 15 - Nordeste ;3;0;0;0;0;1;3;0;0
2020-15-4;AISP 16 - Pituba ;0;0;0;0;0;9;16;1;3
2020-15-4;AISP 01 - Barris ;0;0;0;0;0;0;0;0;0
2020-15-4;AISP 02 - Liberdade ;0;0;0;0;0;0;0;0;0
2020-15-4;AISP 03 - Bonfim ;0;0;0;0;0;0;0;0;0
2020-15-4;AISP 04 - São Caetano ;0;0;0;0;0;0;0;0;0
2020-15-4;AISP 05 - Periperi ;0;0;0;0;0;0;0;0;0
2020-15-4;AISP 08 - CIA ;0;0;0;0;0;0;0;0;0
2020-15-4;AISP 10 - Pau da Lima ;0;0;0;0;0;0;0;0;0
2020-15-4;AISP 11 - Tancredo Neves ;0;0;0;0;0;0;0;0;0
2020-15-4;AISP 13 - Cajazeiras ;0;0;0;0;0;0;0;0;0
2017-15-5;AISP 06 - Brotas ;11;0;0;8;2;21;41;11;5
2017-15-5;AISP 07 - Rio Vermelho ;1;0;1;1;1;19;25;4;8
2017-15-5;AISP 09 - Boca do Rio ;2;0;0;3;2;3;44;7;9
2017-15-5;AISP 12 - Itapuã ;6;0;1;2;8;26;67;17;15
2017-15-5;AISP 14 - Barra ;0;0;0;0;0;1;12;1;2
2017-15-5;AISP 15 - Nordeste ;2;0;0;2;1;2;1;0;5
2017-15-5;AISP 16 - Pituba ;1;0;0;0;2;20;33;13;10
2017-15-5;AISP 01 - Barris ;5;0;1;0;1;18;24;13;16
2017-15-5;AISP 02 - Liberdade ;7;0;0;4;3;7;36;14;1
2017-15-5;AISP 03 - Bonfim ;7;0;0;1;2;42;26;8;7
2017-15-5;AISP 04 - São Caetano ;8;0;1;3;3;34;29;6;2
2017-15-5;AISP 05 - Periperi ;30;0;0;3;10;41;35;6;20
2017-15-5;AISP 08 - CIA ;3;0;0;0;0;3;18;0;7
2017-15-5;AISP 10 - Pau da Lima ;8;0;1;6;4;20;66;20;0
2017-15-5;AISP 11 - Tancredo Neves ;13;0;2;7;9;35;40;28;34
2017-15-5;AISP 13 - Cajazeiras ;7;0;0;4;4;11;34;6;4
2018-15-5;AISP 06 - Brotas ;1;0;0;0;3;9;26;13;3
2018-15-5;AISP 07 - Rio Vermelho ;0;0;0;0;1;10;19;5;10
2018-15-5;AISP 09 - Boca do Rio ;2;0;0;1;1;2;46;7;3
2018-15-5;AISP 12 - Itapuã ;10;0;0;0;6;15;64;13;5
2018-15-5;AISP 14 - Barra ;0;0;0;3;0;4;1;1;2
2018-15-5;AISP 15 - Nordeste ;1;0;0;0;0;2;1;0;5
2018-15-5;AISP 16 - Pituba ;1;0;0;0;0;2;26;9;7
2018-15-5;AISP 01 - Barris ;1;0;0;0;0;21;12;6;28
2018-15-5;AISP 02 - Liberdade ;4;0;0;5;3;6;46;9;5
2018-15-5;AISP 03 - Bonfim ;11;0;1;7;4;12;32;10;6
2018-15-5;AISP 04 - São Caetano ;15;0;0;0;4;26;46;3;4
2018-15-5;AISP 05 - Periperi ;20;0;1;4;3;28;30;7;3
2018-15-5;AISP 08 - CIA ;4;0;0;1;1;1;7;0;9
2018-15-5;AISP 10 - Pau da Lima ;12;0;0;1;3;1;46;9;3
2018-15-5;AISP 11 - Tancredo Neves ;15;1;0;3;5;23;71;14;13
2018-15-5;AISP 13 - Cajazeiras ;2;0;0;1;3;5;23;3;3
2019-15-5;AISP 06 - Brotas ;3;0;0;1;1;5;34;8;14
2019-15-5;AISP 07 - Rio Vermelho ;1;0;0;1;0;7;16;7;15
2019-15-5;AISP 09 - Boca do Rio ;2;0;0;0;1;2;38;3;10
2019-15-5;AISP 12 - Itapuã ;6;0;0;0;3;18;71;7;13
2019-15-5;AISP 14 - Barra ;0;0;1;0;0;0;4;0;2
2019-15-5;AISP 15 - Nordeste ;0;0;0;1;2;8;1;0;8
2019-15-5;AISP 16 - Pituba ;0;1;0;0;0;8;15;2;14
2019-15-5;AISP 01 - Barris ;3;0;0;1;1;1;17;3;19
2019-15-5;AISP 02 - Liberdade ;3;0;0;2;2;5;26;9;4
2019-15-5;AISP 03 - Bonfim ;12;0;0;7;2;21;12;7;12
2019-15-5;AISP 04 - São Caetano ;12;0;1;3;2;23;55;7;8
2019-15-5;AISP 05 - Periperi ;18;1;0;6;7;13;35;6;6
2019-15-5;AISP 08 - CIA ;2;0;0;1;1;1;10;5;8
2019-15-5;AISP 10 - Pau da Lima ;10;0;0;2;0;7;52;6;0
2019-15-5;AISP 11 - Tancredo Neves ;12;0;1;1;7;36;66;12;27
2019-15-5;AISP 13 - Cajazeiras ;2;0;0;1;4;9;42;6;3
2020-15-5;AISP 06 - Brotas ;4;0;0;0;1;4;19;6;1
2020-15-5;AISP 07 - Rio Vermelho ;1;0;0;2;0;2;7;0;7
2020-15-5;AISP 09 - Boca do Rio ;1;0;0;0;1;0;31;2;1
2020-15-5;AISP 12 - Itapuã ;14;0;0;3;2;7;45;1;0
2020-15-5;AISP 14 - Barra ;0;0;0;0;0;0;6;0;2
2020-15-5;AISP 15 - Nordeste ;0;0;0;0;0;2;1;0;0
2020-15-5;AISP 16 - Pituba ;0;0;0;0;1;9;8;1;6
2020-15-5;AISP 01 - Barris ;0;0;0;0;0;0;0;0;0
2020-15-5;AISP 02 - Liberdade ;0;0;0;0;0;0;0;0;0
2020-15-5;AISP 03 - Bonfim ;0;0;0;0;0;0;0;0;0
2020-15-5;AISP 04 - São Caetano ;0;0;0;0;0;0;0;0;0
2020-15-5;AISP 05 - Periperi ;0;0;0;0;0;0;0;0;0
2020-15-5;AISP 08 - CIA ;0;0;0;0;0;0;0;0;0
2020-15-5;AISP 10 - Pau da Lima ;0;0;0;0;0;0;0;0;0
2020-15-5;AISP 11 - Tancredo Neves ;0;0;0;0;0;0;0;0;0
2020-15-5;AISP 13 - Cajazeiras ;0;0;0;0;0;0;0;0;0
2017-15-6;AISP 06 - Brotas ;4;0;0;1;1;12;32;10;14
2017-15-6;AISP 07 - Rio Vermelho ;3;0;0;1;0;22;27;6;11
2017-15-6;AISP 09 - Boca do Rio ;4;0;0;6;2;2;34;9;5
2017-15-6;AISP 12 - Itapuã ;9;0;0;3;6;28;58;13;11
2017-15-6;AISP 14 - Barra ;0;0;0;0;1;2;10;1;6
2017-15-6;AISP 15 - Nordeste ;6;0;0;1;0;1;1;0;0
2017-15-6;AISP 16 - Pituba ;0;0;0;0;1;13;20;11;6
2017-15-6;AISP 01 - Barris ;3;0;0;2;0;19;22;16;11
2017-15-6;AISP 02 - Liberdade ;8;0;1;2;1;10;37;10;0
2017-15-6;AISP 03 - Bonfim ;7;0;0;3;6;43;28;11;4
2017-15-6;AISP 04 - São Caetano ;8;0;0;4;1;24;38;10;1
2017-15-6;AISP 05 - Periperi ;19;0;0;5;9;39;38;7;13
2017-15-6;AISP 08 - CIA ;1;0;0;0;0;7;9;1;9
2017-15-6;AISP 10 - Pau da Lima ;8;0;0;1;5;12;43;9;2
2017-15-6;AISP 11 - Tancredo Neves ;10;0;0;3;4;23;68;24;23
2017-15-6;AISP 13 - Cajazeiras ;6;0;0;1;4;9;30;3;5
2018-15-6;AISP 06 - Brotas ;8;0;0;1;1;15;25;8;12
2018-15-6;AISP 07 - Rio Vermelho ;1;0;0;2;0;6;19;5;7
2018-15-6;AISP 09 - Boca do Rio ;3;0;0;1;0;0;51;4;5
2018-15-6;AISP 12 - Itapuã ;10;0;1;0;2;14;68;9;5
2018-15-6;AISP 14 - Barra ;0;0;0;2;0;1;3;1;4
2018-15-6;AISP 15 - Nordeste ;6;0;0;4;0;1;1;1;3
2018-15-6;AISP 16 - Pituba ;0;1;0;1;0;12;26;4;7
2018-15-6;AISP 01 - Barris ;0;0;0;1;2;12;14;6;23
2018-15-6;AISP 02 - Liberdade ;10;0;0;5;1;2;41;10;1
2018-15-6;AISP 03 - Bonfim ;5;0;0;1;0;22;38;22;8
2018-15-6;AISP 04 - São Caetano ;14;0;0;1;3;25;37;8;2
2018-15-6;AISP 05 - Periperi ;17;0;1;4;8;30;30;9;7
2018-15-6;AISP 08 - CIA ;5;0;0;0;0;2;8;0;10
2018-15-6;AISP 10 - Pau da Lima ;9;0;0;0;8;12;34;14;3
2018-15-6;AISP 11 - Tancredo Neves ;11;0;0;2;4;13;61;11;17
2018-15-6;AISP 13 - Cajazeiras ;6;0;0;2;2;9;38;2;4
2019-15-6;AISP 06 - Brotas ;2;0;0;1;1;17;24;10;4
2019-15-6;AISP 07 - Rio Vermelho ;2;0;0;1;0;6;7;2;6
2019-15-6;AISP 09 - Boca do Rio ;4;0;0;0;1;2;41;4;2
2019-15-6;AISP 12 - Itapuã ;7;0;0;2;1;15;38;9;5
2019-15-6;AISP 14 - Barra ;0;0;0;0;2;0;10;3;0
2019-15-6;AISP 15 - Nordeste ;0;0;0;0;0;9;0;2;15
2019-15-6;AISP 16 - Pituba ;0;0;0;0;0;5;10;4;21
2019-15-6;AISP 01 - Barris ;3;0;0;1;1;8;14;3;8
2019-15-6;AISP 02 - Liberdade ;4;0;1;2;0;12;23;10;5
2019-15-6;AISP 03 - Bonfim ;6;0;0;0;0;16;11;11;8
2019-15-6;AISP 04 - São Caetano ;5;0;0;0;3;33;30;8;4
2019-15-6;AISP 05 - Periperi ;12;0;0;9;1;16;22;1;6
2019-15-6;AISP 08 - CIA ;1;0;0;0;0;2;8;2;8
2019-15-6;AISP 10 - Pau da Lima ;8;0;0;0;0;5;45;4;4
2019-15-6;AISP 11 - Tancredo Neves ;9;0;0;0;3;26;55;17;12
2019-15-6;AISP 13 - Cajazeiras ;5;0;0;0;0;16;27;5;1
2020-15-6;AISP 06 - Brotas ;1;0;0;0;1;11;16;11;1
2020-15-6;AISP 07 - Rio Vermelho ;2;0;0;0;0;0;4;3;6
2020-15-6;AISP 09 - Boca do Rio ;0;1;0;0;2;4;14;0;0
2020-15-6;AISP 12 - Itapuã ;10;0;0;0;0;8;35;7;0
2020-15-6;AISP 14 - Barra ;0;0;0;0;1;0;2;0;2
2020-15-6;AISP 15 - Nordeste ;1;0;0;0;0;1;0;1;1
2020-15-6;AISP 16 - Pituba ;0;0;0;0;0;4;16;2;6
2020-15-6;AISP 01 - Barris ;0;0;0;0;0;0;0;0;0
2020-15-6;AISP 02 - Liberdade ;0;0;0;0;0;0;0;0;0
2020-15-6;AISP 03 - Bonfim ;0;0;0;0;0;0;0;0;0
2020-15-6;AISP 04 - São Caetano ;0;0;0;0;0;0;0;0;0
2020-15-6;AISP 05 - Periperi ;0;0;0;0;0;0;0;0;0
2020-15-6;AISP 08 - CIA ;0;0;0;0;0;0;0;0;0
2020-15-6;AISP 10 - Pau da Lima ;0;0;0;0;0;0;0;0;0
2020-15-6;AISP 11 - Tancredo Neves ;0;0;0;0;0;0;0;0;0
2020-15-6;AISP 13 - Cajazeiras ;0;0;0;0;0;0;0;0;0
2017-15-7;AISP 06 - Brotas ;5;0;0;0;1;20;33;13;10
2017-15-7;AISP 07 - Rio Vermelho ;7;0;0;0;1;12;22;3;9
2017-15-7;AISP 09 - Boca do Rio ;4;0;1;0;3;5;47;9;2
2017-15-7;AISP 12 - Itapuã ;10;0;0;1;5;11;55;18;4
2017-15-7;AISP 14 - Barra ;0;0;0;0;0;1;11;0;2
2017-15-7;AISP 15 - Nordeste ;7;0;0;1;0;1;0;0;6
2017-15-7;AISP 16 - Pituba ;0;0;0;0;2;36;18;11;7
2017-15-7;AISP 01 - Barris ;1;0;0;0;2;13;28;5;7
2017-15-7;AISP 02 - Liberdade ;10;1;0;5;2;5;50;7;8
2017-15-7;AISP 03 - Bonfim ;5;0;0;6;7;29;27;9;9
2017-15-7;AISP 04 - São Caetano ;17;1;0;3;5;25;41;10;11
2017-15-7;AISP 05 - Periperi ;15;0;3;3;4;19;42;8;15
2017-15-7;AISP 08 - CIA ;1;0;0;1;0;2;8;1;10
2017-15-7;AISP 10 - Pau da Lima ;7;0;0;0;1;3;43;18;4
2017-15-7;AISP 11 - Tancredo Neves ;9;0;0;5;4;25;65;21;16
2017-15-7;AISP 13 - Cajazeiras ;14;0;0;6;2;2;21;7;8
2018-15-7;AISP 06 - Brotas ;3;0;0;1;4;8;34;12;12
2018-15-7;AISP 07 - Rio Vermelho ;4;0;0;1;4;4;19;3;23
2018-15-7;AISP 09 - Boca do Rio ;3;0;0;2;0;13;33;4;9
2018-15-7;AISP 12 - Itapuã ;12;0;0;1;5;7;55;16;8
2018-15-7;AISP 14 - Barra ;0;0;0;1;0;1;3;0;5
2018-15-7;AISP 15 - Nordeste ;1;0;0;0;0;0;2;1;1
2018-15-7;AISP 16 - Pituba ;0;0;0;0;1;11;15;2;6
2018-15-7;AISP 01 - Barris ;0;0;0;0;4;11;17;4;18
2018-15-7;AISP 02 - Liberdade ;4;0;0;1;3;2;44;8;1
2018-15-7;AISP 03 - Bonfim ;4;0;0;2;0;24;27;21;6
2018-15-7;AISP 04 - São Caetano ;6;0;0;0;2;10;52;14;6
2018-15-7;AISP 05 - Periperi ;20;0;0;8;11;29;28;6;4
2018-15-7;AISP 08 - CIA ;3;0;1;1;1;2;10;1;7
2018-15-7;AISP 10 - Pau da Lima ;10;0;0;3;3;6;33;8;1
2018-15-7;AISP 11 - Tancredo Neves ;10;0;0;0;1;21;72;13;12
2018-15-7;AISP 13 - Cajazeiras ;5;0;0;6;0;9;32;3;5
2019-15-7;AISP 06 - Brotas ;1;0;0;0;3;6;33;19;6
2019-15-7;AISP 07 - Rio Vermelho ;1;0;0;1;2;2;14;9;9
2019-15-7;AISP 09 - Boca do Rio ;2;0;0;0;1;1;37;6;6
2019-15-7;AISP 12 - Itapuã ;8;0;0;4;1;16;45;14;5
2019-15-7;AISP 14 - Barra ;0;0;0;0;0;0;3;0;2
2019-15-7;AISP 15 - Nordeste ;4;0;0;0;0;1;1;0;8
2019-15-7;AISP 16 - Pituba ;0;0;0;0;1;7;12;3;11
2019-15-7;AISP 01 - Barris ;5;0;0;2;0;4;10;5;13
2019-15-7;AISP 02 - Liberdade ;5;0;0;0;1;4;30;14;3
2019-15-7;AISP 03 - Bonfim ;2;0;0;0;0;15;16;11;10
2019-15-7;AISP 04 - São Caetano ;7;0;0;1;2;26;55;9;1
2019-15-7;AISP 05 - Periperi ;16;0;0;4;3;12;32;7;1
2019-15-7;AISP 08 - CIA ;2;0;0;0;0;0;16;1;7
2019-15-7;AISP 10 - Pau da Lima ;3;0;0;2;1;4;39;13;2
2019-15-7;AISP 11 - Tancredo Neves ;5;0;0;2;2;28;61;16;13
2019-15-7;AISP 13 - Cajazeiras ;13;0;1;3;2;12;31;6;4
2017-15-8;AISP 06 - Brotas ;3;0;0;2;3;15;34;9;8
2017-15-8;AISP 07 - Rio Vermelho ;2;0;0;1;3;9;14;6;21
2017-15-8;AISP 09 - Boca do Rio ;1;0;0;2;3;3;47;13;11
2017-15-8;AISP 12 - Itapuã ;7;0;0;3;2;11;62;15;4
2017-15-8;AISP 14 - Barra ;0;0;0;1;1;0;9;2;1
2017-15-8;AISP 15 - Nordeste ;1;0;0;1;0;2;1;1;9
2017-15-8;AISP 16 - Pituba ;1;0;0;0;1;23;26;11;13
2017-15-8;AISP 01 - Barris ;2;0;0;2;5;13;20;2;14
2017-15-8;AISP 02 - Liberdade ;26;0;0;9;1;5;34;10;8
2017-15-8;AISP 03 - Bonfim ;10;0;0;7;3;27;21;21;14
2017-15-8;AISP 04 - São Caetano ;12;0;0;4;1;23;40;4;6
2017-15-8;AISP 05 - Periperi ;20;0;0;16;13;28;30;8;10
2017-15-8;AISP 08 - CIA ;3;0;0;4;1;3;8;3;10
2017-15-8;AISP 10 - Pau da Lima ;5;0;0;0;5;6;45;6;1
2017-15-8;AISP 11 - Tancredo Neves ;13;0;0;2;4;25;72;20;25
2017-15-8;AISP 13 - Cajazeiras ;9;0;0;0;7;5;21;4;3
2018-15-8;AISP 06 - Brotas ;5;0;1;0;3;9;27;11;8
2018-15-8;AISP 07 - Rio Vermelho ;1;0;0;1;2;10;11;5;26
2018-15-8;AISP 09 - Boca do Rio ;0;1;0;2;1;6;35;6;16
2018-15-8;AISP 12 - Itapuã ;8;0;1;2;5;16;59;10;1
2018-15-8;AISP 14 - Barra ;0;0;0;0;0;2;9;2;6
2018-15-8;AISP 15 - Nordeste ;0;0;0;0;1;0;1;1;5
2018-15-8;AISP 16 - Pituba ;0;0;0;1;0;16;23;4;4
2018-15-8;AISP 01 - Barris ;1;0;0;0;1;3;15;13;34
2018-15-8;AISP 02 - Liberdade ;10;0;0;0;0;4;30;13;4
2018-15-8;AISP 03 - Bonfim ;7;0;0;6;1;17;28;19;10
2018-15-8;AISP 04 - São Caetano ;11;0;0;1;3;20;41;2;5
2018-15-8;AISP 05 - Periperi ;12;0;1;3;2;18;25;6;4
2018-15-8;AISP 08 - CIA ;4;0;0;1;0;2;5;0;16
2018-15-8;AISP 10 - Pau da Lima ;10;0;0;6;5;8;40;13;6
2018-15-8;AISP 11 - Tancredo Neves ;5;0;0;0;7;23;47;22;13
2018-15-8;AISP 13 - Cajazeiras ;4;0;0;1;2;13;39;3;5
2019-15-8;AISP 06 - Brotas ;2;1;0;1;0;7;22;12;14
2019-15-8;AISP 07 - Rio Vermelho ;1;0;0;0;0;2;4;5;15
2019-15-8;AISP 09 - Boca do Rio ;1;1;0;0;0;1;33;5;1
2019-15-8;AISP 12 - Itapuã ;8;0;1;1;4;9;60;13;9
2019-15-8;AISP 14 - Barra ;0;0;0;0;0;6;2;1;3
2019-15-8;AISP 15 - Nordeste ;2;0;0;2;0;0;1;0;14
2019-15-8;AISP 16 - Pituba ;0;0;0;2;1;5;11;3;18
2019-15-8;AISP 01 - Barris ;4;0;0;2;4;12;7;9;13
2019-15-8;AISP 02 - Liberdade ;6;0;0;1;1;10;23;10;4
2019-15-8;AISP 03 - Bonfim ;5;0;0;4;1;12;30;5;6
2019-15-8;AISP 04 - São Caetano ;14;0;0;2;1;32;34;3;3
2019-15-8;AISP 05 - Periperi ;12;0;1;10;6;26;27;4;12
2019-15-8;AISP 08 - CIA ;1;0;0;1;2;1;6;0;12
2019-15-8;AISP 10 - Pau da Lima ;3;0;0;0;2;3;36;6;1
2019-15-8;AISP 11 - Tancredo Neves ;12;0;0;0;7;31;56;16;18
2019-15-8;AISP 13 - Cajazeiras ;5;0;1;1;2;4;22;1;5
2017-15-9;AISP 06 - Brotas ;9;0;0;1;6;7;41;2;10
2017-15-9;AISP 07 - Rio Vermelho ;3;0;1;6;1;5;22;2;12
2017-15-9;AISP 09 - Boca do Rio ;1;0;0;1;1;2;47;13;9
2017-15-9;AISP 12 - Itapuã ;13;0;0;3;4;11;59;9;2
2017-15-9;AISP 14 - Barra ;1;0;0;1;0;1;15;0;14
2017-15-9;AISP 15 - Nordeste ;1;0;0;1;0;0;1;0;10
2017-15-9;AISP 16 - Pituba ;0;0;0;0;1;9;26;7;12
2017-15-9;AISP 01 - Barris ;5;2;0;1;4;10;25;1;12
2017-15-9;AISP 02 - Liberdade ;9;0;0;5;3;12;30;5;5
2017-15-9;AISP 03 - Bonfim ;7;0;0;3;8;17;32;11;4
2017-15-9;AISP 04 - São Caetano ;13;0;0;10;3;24;31;1;13
2017-15-9;AISP 05 - Periperi ;23;0;0;11;8;28;30;5;6
2017-15-9;AISP 08 - CIA ;2;0;0;1;1;4;11;0;11
2017-15-9;AISP 10 - Pau da Lima ;12;0;0;3;2;5;45;13;2
2017-15-9;AISP 11 - Tancredo Neves ;5;0;1;5;7;25;49;14;20
2017-15-9;AISP 13 - Cajazeiras ;7;0;0;1;4;8;39;3;5
2018-15-9;AISP 06 - Brotas ;2;0;0;1;0;7;34;5;8
2018-15-9;AISP 07 - Rio Vermelho ;2;0;1;0;0;0;10;3;12
2018-15-9;AISP 09 - Boca do Rio ;2;0;0;1;0;9;43;2;7
2018-15-9;AISP 12 - Itapuã ;12;0;0;1;0;12;61;15;7
2018-15-9;AISP 14 - Barra ;0;0;0;0;1;1;6;2;3
2018-15-9;AISP 15 - Nordeste ;4;0;0;0;0;1;0;0;3
2018-15-9;AISP 16 - Pituba ;1;0;0;1;0;13;20;3;12
2018-15-9;AISP 01 - Barris ;4;0;0;0;2;7;16;6;28
2018-15-9;AISP 02 - Liberdade ;6;0;0;1;0;2;26;5;5
2018-15-9;AISP 03 - Bonfim ;8;0;0;6;1;26;22;17;10
2018-15-9;AISP 04 - São Caetano ;12;0;0;2;1;11;29;7;5
2018-15-9;AISP 05 - Periperi ;8;0;0;4;4;29;25;5;12
2018-15-9;AISP 08 - CIA ;3;0;1;2;0;4;8;0;18
2018-15-9;AISP 10 - Pau da Lima ;10;0;0;1;0;6;33;15;3
2018-15-9;AISP 11 - Tancredo Neves ;14;0;0;0;2;32;58;19;7
2018-15-9;AISP 13 - Cajazeiras ;9;0;0;1;0;6;29;1;2
2019-15-9;AISP 06 - Brotas ;4;0;0;0;0;8;31;9;5
2019-15-9;AISP 07 - Rio Vermelho ;1;0;0;3;0;2;15;2;17
2019-15-9;AISP 09 - Boca do Rio ;1;0;0;0;1;1;29;6;2
2019-15-9;AISP 12 - Itapuã ;4;0;0;1;3;12;53;15;8
2019-15-9;AISP 14 - Barra ;0;0;0;0;0;0;6;1;3
2019-15-9;AISP 15 - Nordeste ;0;0;0;1;0;1;1;0;2
2019-15-9;AISP 16 - Pituba ;0;0;0;0;0;16;6;2;12
2019-15-9;AISP 01 - Barris ;4;0;0;4;0;4;12;4;26
2019-15-9;AISP 02 - Liberdade ;1;0;0;0;4;6;22;4;7
2019-15-9;AISP 03 - Bonfim ;6;0;0;0;1;9;23;6;11
2019-15-9;AISP 04 - São Caetano ;9;0;0;0;2;17;29;8;3
2019-15-9;AISP 05 - Periperi ;17;0;0;5;2;13;17;6;22
2019-15-9;AISP 08 - CIA ;0;0;0;0;1;1;6;0;9
2019-15-9;AISP 10 - Pau da Lima ;11;0;0;1;0;1;34;3;3
2019-15-9;AISP 11 - Tancredo Neves ;11;0;0;1;3;19;44;17;26
2019-15-9;AISP 13 - Cajazeiras ;7;0;0;1;1;7;27;1;8
2017-15-10;AISP 06 - Brotas ;5;0;0;2;2;6;30;7;11
2017-15-10;AISP 07 - Rio Vermelho ;2;0;0;5;3;2;18;3;12
2017-15-10;AISP 09 - Boca do Rio ;4;0;0;0;3;5;49;14;7
2017-15-10;AISP 12 - Itapuã ;14;0;0;4;9;13;56;21;3
2017-15-10;AISP 14 - Barra ;0;0;0;0;0;0;6;4;0
2017-15-10;AISP 15 - Nordeste ;2;0;0;3;1;0;1;0;6
2017-15-10;AISP 16 - Pituba ;0;0;0;0;3;15;26;7;9
2017-15-10;AISP 01 - Barris ;1;0;1;1;1;12;10;1;15
2017-15-10;AISP 02 - Liberdade ;8;0;0;25;3;14;36;7;4
2017-15-10;AISP 03 - Bonfim ;6;1;0;4;7;17;15;19;8
2017-15-10;AISP 04 - São Caetano ;12;0;0;5;11;34;35;12;5
2017-15-10;AISP 05 - Periperi ;22;0;0;15;5;26;47;2;3
2017-15-10;AISP 08 - CIA ;2;1;0;3;1;4;11;1;10
2017-15-10;AISP 10 - Pau da Lima ;12;0;0;4;1;4;34;9;3
2017-15-10;AISP 11 - Tancredo Neves ;7;1;0;1;14;24;53;19;9
2017-15-10;AISP 13 - Cajazeiras ;11;0;1;0;5;8;35;4;6
2018-15-10;AISP 06 - Brotas ;1;1;0;1;1;25;22;9;4
2018-15-10;AISP 07 - Rio Vermelho ;3;0;0;0;0;4;7;7;12
2018-15-10;AISP 09 - Boca do Rio ;1;0;0;0;0;13;48;3;4
2018-15-10;AISP 12 - Itapuã ;13;0;0;1;1;21;63;14;8
2018-15-10;AISP 14 - Barra ;0;0;0;2;1;3;4;1;4
2018-15-10;AISP 15 - Nordeste ;0;0;0;0;0;1;1;0;7
2018-15-10;AISP 16 - Pituba ;0;0;0;0;2;19;25;5;8
2018-15-10;AISP 01 - Barris ;6;0;0;3;0;4;8;6;20
2018-15-10;AISP 02 - Liberdade ;3;1;0;2;2;4;40;5;5
2018-15-10;AISP 03 - Bonfim ;3;0;0;2;0;18;23;21;4
2018-15-10;AISP 04 - São Caetano ;20;0;1;3;0;20;36;8;10
2018-15-10;AISP 05 - Periperi ;14;0;0;3;3;23;35;5;5
2018-15-10;AISP 08 - CIA ;2;0;0;2;1;2;10;3;11
2018-15-10;AISP 10 - Pau da Lima ;12;1;0;0;0;3;37;13;5
2018-15-10;AISP 11 - Tancredo Neves ;10;0;0;5;0;25;67;18;9
2018-15-10;AISP 13 - Cajazeiras ;3;1;0;1;2;5;25;5;1
2019-15-10;AISP 06 - Brotas ;7;0;1;4;1;8;34;7;5
2019-15-10;AISP 07 - Rio Vermelho ;5;0;1;1;0;7;18;2;8
2019-15-10;AISP 09 - Boca do Rio ;4;0;0;1;1;4;53;5;0
2019-15-10;AISP 12 - Itapuã ;13;0;0;1;1;10;53;13;5
2019-15-10;AISP 14 - Barra ;0;0;0;0;1;1;4;0;1
2019-15-10;AISP 15 - Nordeste ;1;0;0;0;2;0;3;2;2
2019-15-10;AISP 16 - Pituba ;0;0;0;1;0;6;9;0;4
2019-15-10;AISP 01 - Barris ;2;0;0;3;0;6;13;5;8
2019-15-10;AISP 02 - Liberdade ;9;1;0;4;0;9;29;2;2
2019-15-10;AISP 03 - Bonfim ;7;0;0;0;5;19;27;4;12
2019-15-10;AISP 04 - São Caetano ;11;0;0;0;0;35;60;4;0
2019-15-10;AISP 05 - Periperi ;22;0;0;4;2;19;42;5;1
2019-15-10;AISP 08 - CIA ;2;0;0;0;0;4;12;0;5
2019-15-10;AISP 10 - Pau da Lima ;18;0;0;4;1;5;50;13;1
2019-15-10;AISP 11 - Tancredo Neves ;9;0;0;1;5;34;60;9;20
2019-15-10;AISP 13 - Cajazeiras ;5;0;0;6;2;10;27;1;0
2017-15-11;AISP 06 - Brotas ;4;0;0;6;6;6;41;3;8
2017-15-11;AISP 07 - Rio Vermelho ;3;0;1;2;3;8;16;10;7
2017-15-11;AISP 09 - Boca do Rio ;5;0;0;1;0;4;38;12;13
2017-15-11;AISP 12 - Itapuã ;12;0;1;1;0;12;49;7;0
2017-15-11;AISP 14 - Barra ;1;0;0;0;0;1;1;4;2
2017-15-11;AISP 15 - Nordeste ;2;0;0;1;1;1;0;1;2
2017-15-11;AISP 16 - Pituba ;2;0;0;1;2;12;25;8;9
2017-15-11;AISP 01 - Barris ;1;1;0;0;0;7;6;10;15
2017-15-11;AISP 02 - Liberdade ;11;0;0;5;3;3;36;6;3
2017-15-11;AISP 03 - Bonfim ;9;0;2;1;4;10;10;20;10
2017-15-11;AISP 04 - São Caetano ;9;0;0;1;3;16;56;8;0
2017-15-11;AISP 05 - Periperi ;14;0;0;9;5;20;47;8;1
2017-15-11;AISP 08 - CIA ;5;0;0;1;1;2;9;0;6
2017-15-11;AISP 10 - Pau da Lima ;14;1;0;3;8;10;40;18;3
2017-15-11;AISP 11 - Tancredo Neves ;9;0;0;4;12;35;49;15;4
2017-15-11;AISP 13 - Cajazeiras ;11;0;1;2;1;6;21;6;15
2018-15-11;AISP 06 - Brotas ;2;0;0;2;1;16;16;6;3
2018-15-11;AISP 07 - Rio Vermelho ;1;0;0;0;0;8;11;2;3
2018-15-11;AISP 09 - Boca do Rio ;2;0;0;0;0;6;35;6;10
2018-15-11;AISP 12 - Itapuã ;8;0;0;3;1;24;31;22;7
2018-15-11;AISP 14 - Barra ;1;0;0;0;0;2;4;4;1
2018-15-11;AISP 15 - Nordeste ;1;0;0;0;0;1;1;0;4
2018-15-11;AISP 16 - Pituba ;0;0;0;0;0;16;18;1;12
2018-15-11;AISP 01 - Barris ;4;0;1;0;1;16;15;5;3
2018-15-11;AISP 02 - Liberdade ;5;0;0;3;0;4;35;13;0
2018-15-11;AISP 03 - Bonfim ;3;0;0;2;0;21;8;16;8
2018-15-11;AISP 04 - São Caetano ;8;0;0;2;0;26;30;7;1
2018-15-11;AISP 05 - Periperi ;11;0;0;2;1;18;36;10;2
2018-15-11;AISP 08 - CIA ;5;0;0;4;0;1;3;0;10
2018-15-11;AISP 10 - Pau da Lima ;11;0;0;1;0;8;26;13;1
2018-15-11;AISP 11 - Tancredo Neves ;8;0;0;2;2;17;45;11;13
2018-15-11;AISP 13 - Cajazeiras ;10;0;0;2;1;6;24;1;3
2019-15-11;AISP 06 - Brotas ;0;0;0;3;1;7;37;6;2
2019-15-11;AISP 07 - Rio Vermelho ;3;0;0;0;0;10;13;4;2
2019-15-11;AISP 09 - Boca do Rio ;0;0;0;0;0;9;46;6;0
2019-15-11;AISP 12 - Itapuã ;8;0;0;1;4;14;64;25;6
2019-15-11;AISP 14 - Barra ;0;0;0;0;0;2;7;0;1
2019-15-11;AISP 15 - Nordeste ;1;0;0;1;0;4;0;0;2
2019-15-11;AISP 16 - Pituba ;0;0;0;0;0;14;12;4;3
2019-15-11;AISP 01 - Barris ;0;0;0;3;3;7;15;5;14
2019-15-11;AISP 02 - Liberdade ;6;0;0;2;0;7;22;5;7
2019-15-11;AISP 03 - Bonfim ;4;0;0;1;3;21;27;6;14
2019-15-11;AISP 04 - São Caetano ;5;0;0;3;1;16;40;3;3
2019-15-11;AISP 05 - Periperi ;16;0;0;1;2;28;31;3;2
2019-15-11;AISP 08 - CIA ;2;1;0;1;2;2;5;0;0
2019-15-11;AISP 10 - Pau da Lima ;3;0;0;1;2;7;47;4;0
2019-15-11;AISP 11 - Tancredo Neves ;18;0;2;3;4;38;63;14;11
2019-15-11;AISP 13 - Cajazeiras ;5;0;0;1;1;8;25;5;1
2017-15-12;AISP 06 - Brotas ;9;0;0;1;0;15;29;5;7
2017-15-12;AISP 07 - Rio Vermelho ;2;0;0;2;3;22;15;3;8
2017-15-12;AISP 09 - Boca do Rio ;4;0;0;0;1;3;25;9;16
2017-15-12;AISP 12 - Itapuã ;11;1;0;1;6;9;52;11;2
2017-15-12;AISP 14 - Barra ;1;0;0;0;1;0;8;5;9
2017-15-12;AISP 15 - Nordeste ;2;0;0;1;0;1;1;1;7
2017-15-12;AISP 16 - Pituba ;0;0;0;0;0;11;22;3;6
2017-15-12;AISP 01 - Barris ;5;0;0;3;1;13;16;16;20
2017-15-12;AISP 02 - Liberdade ;9;0;0;2;1;4;47;7;1
2017-15-12;AISP 03 - Bonfim ;10;0;0;3;2;13;25;15;6
2017-15-12;AISP 04 - São Caetano ;9;0;0;2;4;15;46;8;2
2017-15-12;AISP 05 - Periperi ;23;0;0;4;3;19;29;5;5
2017-15-12;AISP 08 - CIA ;5;0;0;0;1;3;8;0;5
2017-15-12;AISP 10 - Pau da Lima ;15;0;0;6;4;3;31;11;1
2017-15-12;AISP 11 - Tancredo Neves ;13;0;0;2;6;22;39;11;12
2017-15-12;AISP 13 - Cajazeiras ;7;0;0;2;2;7;40;1;4
2018-15-12;AISP 06 - Brotas ;1;0;0;0;0;10;24;14;7
2018-15-12;AISP 07 - Rio Vermelho ;2;0;0;1;1;8;9;7;11
2018-15-12;AISP 09 - Boca do Rio ;4;0;0;7;2;3;29;5;13
2018-15-12;AISP 12 - Itapuã ;12;0;1;1;1;18;31;16;7
2018-15-12;AISP 14 - Barra ;0;0;0;0;0;4;1;0;3
2018-15-12;AISP 15 - Nordeste ;1;0;0;0;0;4;2;0;5
2018-15-12;AISP 16 - Pituba ;0;0;0;1;0;18;16;6;15
2018-15-12;AISP 01 - Barris ;1;1;0;1;0;11;13;6;19
2018-15-12;AISP 02 - Liberdade ;9;0;0;0;0;5;30;12;4
2018-15-12;AISP 03 - Bonfim ;10;0;0;4;0;11;7;10;10
2018-15-12;AISP 04 - São Caetano ;9;1;0;1;1;30;24;4;8
2018-15-12;AISP 05 - Periperi ;21;0;0;7;2;20;42;6;3
2018-15-12;AISP 08 - CIA ;4;0;0;1;0;0;4;4;14
2018-15-12;AISP 10 - Pau da Lima ;5;0;0;4;1;4;33;6;1
2018-15-12;AISP 11 - Tancredo Neves ;11;0;0;0;1;28;31;14;3
2018-15-12;AISP 13 - Cajazeiras ;8;0;0;0;0;5;22;8;1
2019-15-12;AISP 06 - Brotas ;6;0;0;0;0;11;11;4;2
2019-15-12;AISP 07 - Rio Vermelho ;1;0;0;0;1;4;21;3;3
2019-15-12;AISP 09 - Boca do Rio ;1;0;0;0;1;4;36;6;0
2019-15-12;AISP 12 - Itapuã ;12;0;0;2;1;16;61;24;7
2019-15-12;AISP 14 - Barra ;0;0;1;0;0;0;9;0;2
2019-15-12;AISP 15 - Nordeste ;3;1;0;0;0;5;2;0;1
2019-15-12;AISP 16 - Pituba ;1;0;0;0;2;15;8;2;4
2019-15-12;AISP 01 - Barris ;2;0;0;2;2;8;17;2;9
2019-15-12;AISP 02 - Liberdade ;5;1;0;1;0;4;25;6;6
2019-15-12;AISP 03 - Bonfim ;4;0;0;4;2;15;16;7;12
2019-15-12;AISP 04 - São Caetano ;15;0;0;0;0;23;49;8;0
2019-15-12;AISP 05 - Periperi ;16;0;0;3;3;30;27;4;7
2019-15-12;AISP 08 - CIA ;2;0;0;0;1;6;5;0;0
2019-15-12;AISP 10 - Pau da Lima ;7;0;0;1;0;7;41;10;4
2019-15-12;AISP 11 - Tancredo Neves ;14;0;0;4;5;44;37;12;8
2019-15-12;AISP 13 - Cajazeiras ;3;0;0;2;1;14;28;4;1
